company_name,proper_website_url,email,phone,country
Upside Realty NSW & ACT,https://accounts.google.com,,+9411765,
Telehealth Doctors,https://telehealthdoc.com.au,,202604061551,AU
My Telehealth Clinic,https://mytelehealthclinic.com.au,,+10001000,AU
Hola Health,https://hola.health,support@hola.health,+10001000,AU
Fintech Financial Services,https://www.fintech.com.au,,+8697629127,AU
Telehealth Doctor,https://telehealthdr.com.au,reception@telehealthdr.com.au,+61240810884,AU
Asendium,https://asendium.com,contactus@asendium.com,+1158695,AU
Aloha Telehealth,https://alohatelehealth.com.au,,75750111081,
Abby Health,https://www.abbyhealth.app,hello@abbyhealth.app,314611002631461,AU
Private Medical - Online GP Telehealth Appointments,https://www.privatemedical.net,admin@privatemedical.net,+61391227000,
SAAS,https://saas-know-how.com,lyle@saas-know-how.com,+61419248060,AU
eCommerce Solution Hub - Digital Marketing Agency In Sydney,https://ecommercesolutionhub.com.au,info@ecommercesolutionhub.com.au,1770704685,AU
Better Hospitality Reviews,https://www.betterhospitalityreviews.com,,1001000,
Tyack eCommerce Solutions,https://www.tyack.com.au,info@stagheaddesigns.com,+165521105965,AU
Outsourced HR Solution,https://www.outsourcedhrsolution.com.au,info@ohrs.com.ph,+617123456549,AU
NQ Realty,https://nqrealty.com.au,sales@nqrealty.com.au,81094201490401,AU
Get Realty,https://www.getrealtynt.com.au,hello@getrealtynt.com.au,+61416175735,
Northern Realty Townsville,https://www.northernrealty.com.au,enquiry@northernrealty.com.au,+61747242360,AU
Hospitality Pty Ltd,https://hospitalityinns.com.au,,1775026797,AU
Sean Lubbe - Elite Sales Agent of Executive Homes,https://seanlubbe.biz,seanl@remax.com.au,604875644682364,AU
Metro Realty,https://www.metrorealty.com.au,team@metrorealty.com.au,+1275100543,AU
Next Generation Engineers,http://nextgenengineers.com,info@nextgenengineers.com,+61747795103,AU
North Ward Realty,https://www.nwrealty.com.au,glenn@nwrealty.com.au,338441953852563,AU
Assignar,https://assignar.com,,+0752308223,AU
We help ambitious B2B Enterprise SaaS companies who want to expand into Australia and New Zealand,https://2106ventures.com,,20262106,
Outsourced Staff - Outsourcing Services,https://outsourcedstaff.com.au,info@outsourcedstaff.com.au,12410652773212,AU
BruntWork,https://www.bruntwork.co,,+10001000,AU
EdTech Group,https://www.edtechgroup.com.au,info@edtechgroup.com.au,61575335235393,AU
Tourism and Hospitality Services AustralAsia | Hotel Consultants & Hotel Advisory,https://thsa.com.au,,+61292838400,AU
Jupiter BPO,https://jupiterbpo.com,contact@jupiterbpo.com,+15513252030,AU
Taste Hospitality AU,https://www.tastehospitality.com.au,rob@tastehospitality.com.au,+61418427944,
Telstra Esperance,https://www.telstra.com.au,,155032913673092,AU
Magnetic Island Tours,https://www.magneticislandtours.net.au,,+61435580292,AU
Liquorland Esperance,https://validate.perfdrive.com,contactus@shieldsquare.com,201031728734,AU
Snap Ride - Request a Ride,https://www.snapride.app,support@snapride.net.au,+63777399,AU
Assuro,https://www.assuro.com.au,info@assuro.com.au,9236031634728,AU
LJ Hooker Hopetoun,https://hopetoun.ljhooker.com.au,hopetoun@ljhooker.com.au,08206008201312,AU
Elders Esperance,https://elders.com.au,esperance@elders.com.au,1669702755463,AU
Settlement Hub WA,https://settlementhubwa.com.au,admin@settlementhubwa.com.au,+61890713866,AU
Albany Prestige Realty,https://albanyprestigerealty.com.au,reception@albanyprestigerealty.com.au,+233494122980,AU
Ray White Denmark,https://raywhitedenmark.com.au,mailto:denmark.wa@raywhite.com,034120119826120,AU
Spice Real Estate Denmark,https://www.denmarksre.com.au,realestate@denmarksre.com.au,177509677253327,AU
"Hospitality Esperance, SureStay Collection by Best Western",https://www.bestwestern.com,,+1064845,AU
Denim Development,https://denimdev.com.au,,+42764276,AU
Platinum Outsourcing,https://platinumoutsourcing.com.au,info@platinumoutsourcing.com.au,+010000200,AU
Tuned Global,https://www.tunedglobal.com,info@tunedglobal.com,+611300783002,AU
Sunrise Technologies - Mobile App Developers Perth | AI Agents Development Company |Work Flow Automation | Crypto,https://www.sunrisetechs.com,info@sunrisetechs.com,+61431270844,AU
Townsville GP Superclinic,https://www.townsvillegpsuperclinic.com.au,admin@townsvillegpsuperclinic.com.au,+1015818,AU
Health & Wellbeing North Ward,https://hwb.com.au,,+10001000,AU
Health Hub Mackay,https://www.healthhubmackay.com.au,,+11521792,AU
Receipt Bank,https://dext.com,support@dext.com,+442036995005,AU
Professionals Whitsundays,https://www.professionalswhitsundays.com.au,,484771483331511,AU
Leapfrog Design & Marketing,https://www.leapfrogmarketing.com.au,tammy@leapfrogmarketing.com.au,+61417826542,
Fin365,https://fin365.com.au,,1577905625768,AU
Jess Keeli Creative,https://jesskeelicreative.com,jesskeeli.creative@outlook.com,+4328146,
True Blue Assist,https://www.trueblueassist.com.au,,61579948076205,AU
Shearing World,https://shearingworld.com.au,info@shearingworld.com.au,+165521105965,AU
Shelley Husband Crochet,https://shop.shelleyhusbandcrochet.com,,+165521105965,
Cambrelle's,https://www.cambrelles.com.au,sales@cambrelles.com.au,+0111744,AU
Portland Seaview Real Estate,http://www.portlandseaview.com.au,enquiry@portlandseaview.com.au,218626958160521,AU
Ray White Mt Gambier,https://raywhitemtgambier.com.au,mailto:mtgambier.sa@raywhite.com,+61887247405,AU
Elders Real Estate,https://mountgambier.eldersrealestate.com.au,mtgambier@elders.com.au,+4504756,AU
Complete Real Estate,https://www.completerealestate.net.au,sales@completerealestate.net.au,+61887255290,AU
A1 Real Estate Solutions,https://www.a1realestate.solutions,admin@a1realestate.solutions,218626958160521,AU
Ray White Bordertown & Districts,https://raywhitebordertown.com.au,mailto:bordertown.sa@raywhite.com,+61887521933,AU
The Property Co. SA,https://www.thepropertycosa.com.au,hello@thepropertycosa.com.au,1684192007475,AU
D'AuRea Real Estate,http://www.daurearealestate.com.au,hello@daurearealestate.com,20240731170511,AU
Gebhardts Real Estate,https://www.gebhardts.com.au,,218626958160521,AU
Westech Ag,https://www.westechag.com.au,realestate@westechag.com.au,218626958160521,AU
Ottoson Partners Real Estate Robe,https://www.ottoson.com.au,naracoorte@ottoson.com.au,20260326064927,AU
Elders Casterton,https://elders.com.au,elders.communications@elders.com.au,1669702755463,AU
Ray White Robe,https://raywhitemtgambier.com.au,mailto:mtgambier.sa@raywhite.com,+61887247405,AU
Miller Whan & John,https://www.millerwhanandjohn.com.au,office@millerwhanandjohn.com.au,14759110178,AU
Auld Property Management,https://www.auldpm.com.au,admin@auldpm.com.au,0887232121,AU
cnnsurge,https://cnnsurge.bigcartel.com,,1710299338,AU
Luke Williams Real Estate,https://www.lukewilliamsrealestate.com.au,luke@lukewilliamsrealestate.com.au,+610360612414,AU
Kurra-Wirra Pastoral Pty Ltd,https://www.kurrawirra.com.au,office@kurrawirra.com.au,+0405800425,AU
WEBSTOP Australia Web Design Camperdown,https://www.webstop.com.au,enter,0340534608900,AU
Ocean Road Realty,https://oceanroadrealty.com.au,,+61355613353,AU
Homeseeka Real Estate,https://www.homeseeka.com.au,info@homeseeka.com.au,14657117289,AU
Gleeson Real Estate,https://www.gleesonre.com.au,info@gleesonre.com.au,+61355644555,AU
Harris + Wood Real Estate,https://www.harriswood.com.au,info@harriswood.com.au,+61355612228,AU
Ray White Ararat,https://raywhiteararat.com.au,mailto:reception.ararat@raywhite.com,+61353522303,AU
Gleeson Real Estate Port Fairy,https://www.gleesonre.com.au,info@gleesonre.com.au,+61355644555,AU
NorthWest Real Estate,https://www.northwestrealestate.net.au,admin@northwestre.com.au,39268227653585,AU
Ray White Camperdown,https://raywhitecamperdown.com.au,mailto:camperdown.vic@raywhite.com,+61355931188,AU
Ray White Rural Timboon,https://raywhiteruraltimboon.com.au,mailto:rural.timboon.vic@raywhite.com,+61355983447,AU
Ludeman Real Estate,http://www.ludeman.com.au,admin@ludeman.com.au,+19015415704,AU
Horsham Real Estate,https://www.horshamrealestate.com.au,info@horshamrealestate.com.au,+000000127,AU
Lockett & Co Real Estate,http://www.lockettrealestate.com.au,simon@lockettrealestate.com.au,218626958160521,AU
Falk & Co,https://www.falk.com.au,info@falk.com.au,175012670886583,AU
7 Web Design,https://7design.com.au,hello@7design.com.au,+61423644157,
Liquorland Mount Gambier,https://validate.perfdrive.com,contactus@shieldsquare.com,201031728734,AU
Liquorland Lava St Warrnambool,https://validate.perfdrive.com,contactus@shieldsquare.com,201031728734,AU
Liquorland Hamilton,https://validate.perfdrive.com,contactus@shieldsquare.com,201031728734,AU
Liquorland East Warrnambool,https://validate.perfdrive.com,contactus@shieldsquare.com,201031728734,AU
Liquorland North Warrnambool,https://validate.perfdrive.com,contactus@shieldsquare.com,201031728734,AU
Liquorland Horsham,https://validate.perfdrive.com,contactus@shieldsquare.com,201031728734,AU
Liquorland Stawell,https://validate.perfdrive.com,contactus@shieldsquare.com,201031728734,AU
Williams Shoes Mt Gambier,https://www.williamsshoes.com.au,customercare@williamsshoes.com.au,+61483958810,AU
Liquorland Western Tavern Drive Thru,https://validate.perfdrive.com,contactus@shieldsquare.com,201031728734,AU
Liquorland Horsham - Coles,https://validate.perfdrive.com,contactus@shieldsquare.com,201031728734,AU
Monaghans Real Estate,https://www.monaghansrealestate.com,info@mo&#x6e;&#x61;gha&#x6e;srealest&#x61;&#x74;e&#x2e;com,20190723100927,AU
Swapzee,https://swapzee.com.au,info@swapzee.com.au,1515886657613,
"Northeast, Stockdale & Leggo Real Estate Warrnambool",https://www.stockdaleleggo.com.au,admin@stockdaleleggo.com.au,+61395294955,AU
AL Property Agents,https://www.alpropertyagents.com,john@smith.com,2026040615,AU
ROOO Rideshare,https://www.rooo.com.au,info@rooo.com.au,+04232017020083,AU
Elders Camperdown,https://elders.com.au,elders.communications@elders.com.au,1669702755463,AU
Charles Stewart Real Estate - Warrnambool,https://charlesstewart.com.au,,997504455306748,AU
Groves Real Estate,https://www.grovesrealestate.com.au,office@grovesre.com,101983294858171,AU
Professionals Hamilton - Real Estate Agents and Property Management,https://www.professionalshamilton.com.au,,484771483331511,AU
Elders Real Estate Ararat,https://ararat.eldersrealestate.com.au,david.jennings@eldersre.com.au,+4504756,AU
Elders Real Estate Hamilton,https://hamilton.eldersrealestate.com.au,lachy.patterson@elders.com.au,+4504756,AU
"Commercial Hotel, Kaniva",https://commercialhotelkaniva.com,,+61404721288,AU
Mount Gambier Hotel,https://www.mountgambierhotel.com.au,info@mountgambierhotel.com.au,+61887267000,AU
Harcourts Horsham,https://harcourts.net,horsham@harcourts.com.au,+00101010,AU
Royal Hotel Portland,https://www.royalhotelportland.com.au,hello@royalhotelportland.com.au,+73159703262,AU
Richmond Henty Hotel,https://richmondhenty.com.au,info@richmondhenty.com.au,1656468797,AU
Somerset Hotel Motel,https://www.somerset-hotel-motel.com.au,,1775287595863,AU
EdApp Microlearning & Mobile LMS (Learning Management System),https://training.safetyculture.com,support@safetyculture.com,+0784987374,AU
Property World Warrnambool,http://www.wso.com.au,info@propertyworld.net.au,+0000010100,AU
Bondi Realty,https://www.bondirealty.com.au,,203507908027858,AU
Alice Springs Realty P/L,https://www.alicespringsrealty.com.au,drew@asreal.com.au,024419728847927,AU
Rhodes Realty,https://www.rhodesrealty.com.au,,268574792659470,AU
Elders Top End Group,https://topendgroup.eldersrealestate.com.au,sharon.powardy@elders.com.au,+4504756,AU
Professionals Northern Coast,https://www.northerncoast.com.au,,201164872589081,AU
Agnes Water Realty - Real Estate Agents,https://agneswaterrealestate.com,craig@agneswaterrealestate.com,+144748698,AU
Belle Property Broome,https://www.belleproperty.com,,+289083419992199,AU
Digital Pigeon,https://www.digitalpigeon.com,info@digitalpigeon.com,+41666667,AU
All Around Realty,https://www.allaroundrealty.com.au,,+9763114316580,AU
Professionals DAD Realty Australind - Real Estate Agents and Property Management,https://www.professionalsaustralind.com.au,,484771483331511,AU
Home Real Estate Agency,https://www.homerea.com.au,admin@homerea.com.au,1775100273,AU
Grantham Real Estate,https://www.granthamre.com.au,info@granthamre.com.au,94652117670827,AU
Max Walls International : BEST Real Estate Agency on Sydney's Northern Beaches & Lower North Shore,https://maxwalls.com.au,info@maxwalls.com.au,+61299777777,AU
Laguna Real Estate Agent Noosaville,https://lagunarealestate.com.au,info@lagunarealestate.com.au,457796194628509,AU
Sydney Ecommerce,https://www.sydneyecommerce.com.au,,+9763114316580,
Explore Property Townsville City,https://explorepropertytownsvillecity.com.au,,98599859134,AU
Cairns Property Office Redlynch,https://cporedlynch.com.au,,91209182,AU
Bentley Real Estate,https://bentleyre.com.au,robyn@bentleyre.com.au,979086142091812,AU
Stone Real Estate Coomera,https://www.stonerealestate.com.au,michelleevans@stonerealestate.com.au,+9763114316580,AU
Matchboard,https://www.matchboard.com.au,info@matchboard.com.au,+611300062711,
TCR -Tweed Coolangatta Real Estate,https://www.tcre.net.au,,54068481507224,AU
First National Real Estate Childers,https://www.childersfn.com.au,mail@childersfn.com.au,104631579595407,AU
Block Real Estate,https://www.blockrealestate.com.au,clients@blockrealestate.com.au,+7574229,AU
Focus Estate Agents - East & St George (Mascot),https://focusestate.com.au,enquiries@focusestate.com.au,+61296694971,AU
Spectrum Estate Agents | Brisbane Real Estate Agents,https://spectrumestateagents.com.au,hello@spectrumea.com.au,104521586582645,AU
Morton Real Estate Western Sydney,https://www.morton.com.au,info@morton.com.au,1913344085,AU
First National Real Estate Alice Springs,https://www.fnalicesprings.com.au,info@fnalicesprings.com.au,100083628296435,AU
Kimberley Property Co.,https://www.kimberleypropertyco.com.au,admin@kimberleypropertyco.com.au,+1275100543,AU
Ray White Broome,https://raywhitebroome.com.au,mailto:broome.wa@raywhite.com,+61891922122,AU
Hutchinson Real Estate,https://www.hutchrealestate.com.au,reception@hutchrealestate.com.au,+61482092079,AU
LJ Hooker Alice Springs,https://alicesprings.ljhooker.com.au,office@ljhalicesprings.com.au,08208950206333,AU
Newman First National Real Estate,https://newmanfirstnational.com.au,info@newmanfirstnational.com.au,+233494122980,AU
Nutrien Harcourts Alice Springs,https://nutrien.harcourts.net,alicesprings@nh.com.au,+00101010,AU
Lindsay Carey | Nutrien Harcourts Alice Springs,https://nutrien.harcourts.net,lindsay.carey@nh.com.au,+00101010,AU
Ray White Derby,https://raywhitederby.com.au,mailto:derby.wa@raywhite.com,+61891912900,AU
Andrews Property,https://www.andrewsproperty.com.au,,215173535527742,AU
Mid Coast Realty WA,https://www.midcoastrealtywa.com,carly@midcoastrealtywa.com,+73159703262,
Psycholojess Telehealth,https://psycholojess.my.canva.site,psycholojesstelehealth@gmail.com,496048366013072,AU
Adelaide Health Care,https://www.adelaidehealthcare.com.au,,+61884100774,AU
Stone Real Estate Hunter Valley,https://www.stonerealestate.com.au,huntervalleypm@stonerealestate.com.au,+9763114316580,AU
Equest and Lifestyle Realty,https://www.equestandlifestyle.com,sales@equestandlifestyle.com,0428102305,AU
One Percent Realty WA,https://www.onepercentrealtywa.com.au,sa&#x6c;es&#x40;o&#x6e;ep&#x65;rc&#x65;&#x6e;t&#x72;&#x65;al&#x74;y&#x77;a.c&#x6f;m.au,100089839294099,AU
SaasPlugin,https://saasplugin.com.au,help@saasplugin.com.au,+61280054967,AU
Hospitality and Leisure Recruitment PTY. LTD. trading as Hospitality Recruitment Australia.,https://www.hospitalityrecruitment.com.au,frontdoor@hlrecruitment.com.au,+61432654300,AU
Magento Melbourne eCommerce consulting - Magenable,https://magenable.com.au,,+61401744597,AU
Saasu,https://www.saasu.com,service@saasu.com,+17921792,
Ray White Townsville,https://raywhitetownsville.com.au,mailto:townsville.qld@raywhite.com,+61747504000,AU
Gold City Realty,https://www.goldcityrealty.com.au,,+10241024,AU
SeaLink North Queensland,https://www.sealink.com.au,infoqld@sealink.com.au,+5138097228575,AU
Raine & Horne Townsville Real Estate Agents,https://www.raineandhorne.com.au,wendy.rosenbaum@corp.rh.com.au,+782353391256454,AU
CENTURY 21 Aaron Moon Realty Townsville,https://century21townsville.com.au,aaronmoon@townsvillecentury21.com.au,+267161991,AU
Keyes & Co Property,https://www.keyesandco.com.au,info@keyesandco.com.au,+19015415704,AU
Belle Property Townsville,https://www.belleproperty.com,,+289083419992199,AU
Towers Property & Co Real Estate,https://www.towerspropertyco.com.au,admin@towerspropertyco.com.au,0744262856,AU
REMAX Excellence,https://www.remaxexcellenceqld.com.au,excellencepm1@remax.com.au,100063626407629,AU
Raine & Horne Ayr Real Estate Agents,https://www.raineandhorne.com.au,admin@ayr.rh.com.au,288960479089715,AU
Harcourts Kingsberry,https://www.kingsberry.com.au,kingsberry@tsvharcourts.com.au,19284311684198,AU
Explore Property Burdekin - Ayr,https://explorepropertyburdekin.com.au,,98599859134,AU
Townsville Flat Fee Realty,https://townsvilleflatfee.com.au,enquiries@townsvilleflatfee.com.au,+19513780795,AU
Townsville City Real Estate,https://www.tcre.com.au,property.managers@tcre.com.au,+1275100543,AU
Helen Munro Property,https://helenmunroproperty.com,info@hmproperty.com.au,1300208904,AU
Townsville & Suburban Medical Practice,https://www.tsmp.net,admin@tsmp.net,+61747795077,AU
Lynham & Co. Real Estate,https://www.lynham.com.au,office@lynham.com.au,+9763114316580,AU
AXONAL PTY LTD,https://www.axonal.com.au,graeme@axonal.com.au,+61467888061,AU
Northern Beaches GP Superclinic,https://www.nbgpsc.com,mail@nbgpsc.com,+7802890620391,AU
Hughenden Health Service,https://www.townsville.health.qld.gov.au,"{&quot;ct&quot;:&quot;y9gd9qkpie\/xbahgs1nm+82cyhsshadd+w5kf2aijnscykroasrkaholt9gvji2v&quot;,&quot;iv&quot;:&quot;75166c926d1cb532ca8567753ef860a7&quot;,&quot;s&quot;:&quot;f5c74c4018e340dc&quot;}",+61744331111,AU
Belgian Gardens Medical Centre,https://belgiangardensmedicalcentre.com.au,help@bgmc.com.au,0747716666,AU
Bushland Beach Medical Centre,https://www.bushlandbeachmedical.com.au,manager@bushlandbeachmedical.com.au,67724900000002,AU
North Shore General Practice,https://www.northshoregp.com.au,,+5669356693,AU
Sadleirs TerryWhite Chemmart Ingham,https://terrywhitechemmart.com.au,,04900491,AU
"FNQ Family Practice - Aitkenvale, Townsville",https://fnqfamilypractice.com.au,admin@fnqfamilypractice.com.au,+2800200020,AU
Specsavers Optometrists & Audiology - Townsville Willows S/C,https://www.specsavers.com.au,optics.townsvillewillows.au@specsavers.com,+61747234822,AU
Specsavers Optometrists & Audiology - Townsville Aitkenvale,https://www.specsavers.com.au,optics.townsvilleaitkenvale.au@specsavers.com,+61747286114,AU
Dr Nic Giummarra,https://doctornic.com.au,info@indiantypefoundry.com,+5981795748,
Specsavers Optometrists & Audiology - Townsville Castletown,https://www.specsavers.com.au,optics.townsvillecastletown.au@specsavers.com,+61747210500,AU
Olive Medical Centre - Private & Bulk Billing,https://olivemedicalcentre.com.au,,112079820802207,AU
Elite Properties,https://www.eliteproperties.net.au,,+8416442672,AU
Hugh Reilly Real Estate,https://www.hughreilly.com.au,,0749577373,AU
Cairns GP Superclinic (Formerly The Cairns 24 Hour Medical Centre),https://www.cairnsgpsuperclinic.com.au,admin@cairnsgpsuperclinic.com.au,+1763918,AU
Ian Clarke Real Estate,https://ianclarkerealestate.com.au,,+61747257388,AU
Explore Property Central,https://explorepropertycentral.com.au,,98599859134,AU
McCrae Property Group,https://www.mccraegroup.com.au,reception@mccraegroup.com.au,582842155469103,AU
Elders Real Estate Smith and Elliott Townsville,https://smithandelliott.eldersrealestate.com.au,smithandelliott@elders.com.au,+4504756,AU
Baileux,https://www.baileux.com.au,admin@baileux.com.au,270763033890000,AU
Coral Sea Property Management,https://www.coralseaproperty.com.au,,+03333033330,AU
Pinpoint Property Mackay,https://www.pinpointproperty.com.au,&#x6d;&#x61;na&#x67;ement@pi&#x6e;po&#x69;nt&#x70;r&#x6f;&#x70;&#x65;&#x72;t&#x79;&#x2e;co&#x6d;.&#x61;&#x75;,20250227155813,AU
Blacks Real Estate,https://blacksrealestate.com.au,mail@blacksrealestate.com.au,+448075448075,AU
Evolve Realty Group - Townsville,https://www.evolverealtygroup.com.au,,+6513777341343,AU
LJ Hooker Townsville,https://townsville.ljhooker.com.au,townsville@ljhooker.com.au,1774329780734,AU
GCRE Mackay,https://gcremackay.com.au,reception@gcremackay.com.au,+61749442800,AU
Explore Property Munro & Co Townsville,https://explorepropertymunro.com.au,,98599859134,AU
Bright Property Townsville,https://brightpropertytownsville.com,support@brightpropertytownsville.com,+61744594810,AU
Century 21 Coast to Coalfields,https://mackay.century21.com.au,mackay@century21.com.au,+61282950600,AU
Felix Reitano Real Estate,https://www.reitano.com.au,admin@reitano.com.au,20260403061658,AU
Knight Frank Townsville,https://www.knightfrank.com.au,,+61882335222,AU
Ray White Commercial Townsville,https://www.raywhitecommercial.com,hello@simple.com.au,+6493775069,AU
Compass Property Group,https://compassproperty.com.au,info@compassproperty.com.au,98160932005,AU
Ray White Kirwan,https://raywhitekirwan.com.au,mailto:kirwan.qld@raywhite.com,+61747559559,AU
DM Realty,https://dmrealty.com.au,,31305688462510,AU
Explore Property Mackay,https://explorepropertymackay.com.au,,98599859134,AU
Professionals Rentals & Sales Mackay,https://www.professionalsmackay.com.au,,484771483331511,AU
Focus on Mackay,https://www.focusonmackay.com.au,admin@focusonmackay.com.au,177423306859935,AU
THINK Real Estate Mackay,https://www.thinkrealestatemackay.com,junechetcuti@thinkrealestatemackay.com,1491489656289,AU
Chrystle & Co Property - Real Estate Agents Mackay,https://www.candcoproperty.com.au,chrystle@candcoproperty.com.au,+61499024420,AU
Coral Tree Property,https://coraltreeproperty.com.au,pam@coraltreeproperty.com.au,+61423709882,AU
First National 360° Mackay,https://fnrealty.com.au,admin@fnrealty.com.au,+12201986219441,AU
Raine & Horne Mackay - Residential & Commercial Real Estate Agents,https://www.raineandhorne.com.au,admin@mackay.rh.com.au,288960479089715,AU
Vision Real Estate (Qld),https://www.visionrealestateqld.com.au,,17685611536783,AU
Gardian Real Estate Mackay,https://gardianrealestate.com.au,officeadmin@gardian.com.au,+1360578,AU
Analysis Realty,https://www.analysisrealty.com.au,annette@analysisrealty.com.au,+19015415704,AU
Inspire Realty,https://inspirerealty.com,team@inspirerealty.com,+1800884663,AU
Rambutan Resort Townsville,https://rambutantownsville.com.au,reservations@rambutantownsville.com,138268742933302,AU
Harcourts MackTown,https://harcourts.net,kaylie@macktownmaintenance.com.au,+00101010,AU
Holiday Hosting,https://holidayhosting.com.au,enquiries@holidayhosting.com.au,+61404528709,AU
Bounce Magnetic Island,https://staybounce.com,yourmail@mail.com,20493202,AU
The Palmer Collective,https://thepalmercollective.com.au,bookings@thepalmercollective.com.au,+61747669464,AU
Giru International Hotel,http://giruhotel.com.au,,+0000100,AU
Yongala Lodge by The Strand,https://www.historicyongala.com.au,info@historicyongala.com.au,+61747724633,AU
Victoria Street Boutique Hotel,https://vsttsv.com.au,welcome@vsttsv.com.au,+238003238003,AU
Sublime Experiences,http://sublime.to,louise@sublime.to,+61433600085,AU
The Ville Resort-Casino,https://www.the-ville.com.au,bobthegreat@gmail.com,+61747222333,AU
"Park Regis Anchorage, Townsville",https://www.parkregisanchorage.com.au,anchorage@parkregishotels.com,+61747226200,AU
Seahaven Resort,https://www.seahavenresort.com.au,stay@seahavenresort.com.au,891843169467,AU
Commercial Hotel Charters Towers,https://www.commercialcharterstowers.com.au,commercialhotelcharterstowers@alhgroup.com.au,+73159703262,AU
Island Leisure Resort,http://www.islandleisure.com.au,your@email.com,+61747785000,AU
Monte Carlo Motor Inn,https://www.montecarlomotel.com.au,stay@montecarlomotel.com.au,+0744268690,AU
Cstay Guest House on Magnetic Island,https://www.cstay.com.au,info@cstay.com.au,+61747581616,AU
Century 21 Coast to Coalfields (Moranbah),https://moranbah.century21.com.au,moranbah@century21.com.au,+61282950600,AU
LJ Hooker Mackay Group,https://mackaygroup.ljhooker.com.au,mackaygroup@ljhooker.com.au,07204962203535,AU
iMCommercial,https://www.imcommercial.com.au,&#x65;&#x6c;i&#x7a;a@&#x69;mco&#x6d;merc&#x69;al&#x2e;c&#x6f;m&#x2e;au,20250110160912,AU
NQ Buyers Agent: Townsville Buyers Agent,https://www.nqbuyersagent.com.au,,+61419772237,AU
Belle Property Whitsundays,https://www.belleproperty.com,,+289083419992199,AU
Nutrien Harcourts Ingham,https://nutrien.harcourts.net,,+00101010,AU
New Horizons Property Agency,http://www.newhorizonsproperty.com.au,manager@newhorizonsproperty.com.au,+610419797068,AU
Renting Here,https://rentinghere.com.au,office@rentinghere.com.au,+17921792,AU
Flinders Rural Agencies,https://flindersruralagencies.com.au,sales@flindersrural.com.au,+12201986219441,AU
White Picket Real Estate Mackay,https://www.whitepicketrealestate.com.au,barb@whitepicketrealestate.com.au,100083541713790,AU
Wharton & Co.,https://www.whartonco.com.au,john@whartonco.com.au,+0405800425,AU
Coast Queensland Property Sales,https://www.mackaymarinarealestate.com.au,info@mackaymarina.com,+61749556855,AU
Gardian,https://www.gardian.com.au,enquiries@gardian.com.au,+13976030663,AU
360 Property Management,https://fnrealty.com.au,admin@fnrealty.com.au,+12201986219441,AU
The Rental Managers - Townsville,https://rentalmanagers.com.au,info@rentalmanagers.com.au,72839071545093,AU
Mackay Property & Management Services,https://www.mprs.net.au,sales@mprs.net.au,1667356816845,AU
Stansure Strata Townsville,https://stansurestrata.com.au,theteam@stansurestrata.com.au,+0733599877,AU
Open Property | Fixed Fee Real Estate Townsville,https://www.open-property.com.au,mi&#x63;hae&#x6c;&#x40;open&#x2d;p&#x72;&#x6f;&#x70;&#x65;r&#x74;y.co&#x6d;.&#x61;u,20190723100341,
Shirlz Russell Area Specialist,https://www.shirlzrussell.com.au,shirlz@areaspecialist.com.au,2026040615,
370 Flinders,https://www.sippycupmom.com,sippycupmom@gmail.com,+49803921568627,AU
Strategic Media Partners,https://strategicmediapartners.com.au,twebsite@strategicmediapartners.com.au,+61749514000,AU
Lee Turnbull & Co,https://www.leeturnbull.com.au,leeturnbull@leeturnbull.com.au,+8008516,AU
Brae & Josie | Belle Property Townsville,https://www.belleproperty.com,,1740588809493,
Short Stayz Townsville,https://shortstayztownsville.com.au,,+4080400,AU
PACK & SEND Townsville,https://www.packsend.com.au,admin@packsend.com.au,+6150215143,AU
Above & Beyond Web Design,https://abpages.com,sales@abpages.com,82190754602859,AU
Bushpreneur,https://outbackentrepreneur.wordpress.com,,+015220700152207,AU
ZED Supplies,https://zedsupplies.com,info@zedsupplies.com,+560050004,AU
Sparkle Name Badges,https://www.sparklebeadsandblanks.com,,+165521105965,
Whiz Pix Studio,https://whizpixstudio.com,greenslopesdirect@gmail.com,+61494313607,AU
Cloud Three,https://cloudthree.com.au,,+61396713953,AU
Salty Goods,https://www.saltygoods.com.au,amanda@saltygoods.com.au,+4510971016274,
Slinkylinks,https://www.slinkylinks.com.au,hello@slinkylinks.com.au,+83382667145208,AU
TearAid Australia,https://www.tearaidaustralia.com.au,info@tearaidaustralia.com.au,700155344144502,
PACK & SEND Mackay,https://www.packsend.com.au,admin@packsend.com.au,+6150215143,AU
Kozler Business Solutions,https://www.kozler.com,hello@kozler.com.au,+61383758822,
Ambience Artistry,https://ambienceartistry.bigcartel.com,,+0290644,
Lightbox Interactive Design,https://www.lightboxid.com.au,,+61405837424,AU
Unilakes Technologies Pty Ltd,https://unilakes.com,info@unilakes.com,+546781873910,AU
Professionals Platinum - Real Estate Agents and Property Management,https://www.professionalskalgoorlie.com.au,,+1741754,AU
Harcourts Kalgoorlie,https://harcourts.net,kylie.owen@harcourts.com.au,+00101010,AU
First National Real Estate Kalgoorlie,https://www.kalgoorlierealestate.com.au,receptiondesk@kalgoorlierealestate.com.au,0890210300,AU
John Matthew & Sons,https://www.jmsons.com.au,admin@jmsons.com.au,+19015415704,AU
W. Titley & Co,https://titleys.co,sales@titleys.com.au,+8333333,AU
Kalgoorlie Metro Property Group,https://www.kalgoorliemetro.com.au,info@kalgoorliemetro.com.au,175626529298838,AU
Jasper Design,https://www.jasperdesign.com.au,,75662807405,AU
W. Titley & Co Mackay,https://titleys.co,sales@titleys.com.au,+8333333,AU
Liquorland Townsville (Warehouse),https://validate.perfdrive.com,contactus@shieldsquare.com,201031728734,AU
Liquorland Northward B-Shop,https://validate.perfdrive.com,contactus@shieldsquare.com,201031728734,AU
Illuminate Web Design,https://www.illuminatewebdesign.com.au,,+6944686,AU
Local Online Marketing Solutions,https://localonlinemarketingsolutions.com.au,,20201110,
Liquorland Andergrove Bottleshop,https://validate.perfdrive.com,contactus@shieldsquare.com,201031728734,AU
Liquorland Condon Bottleshop,https://validate.perfdrive.com,contactus@shieldsquare.com,201031728734,AU
Liquorland Slade Point Bottleshop,https://validate.perfdrive.com,contactus@shieldsquare.com,201031728734,AU
"Hospitality Kalgoorlie, SureStay Collection by Best Western",https://www.bestwestern.com,,+1064845,AU
Supporting Enterprises,https://supportingenterprises.com,hello@supportingenterprises.com,+611300400785,AU
Hatchet,https://hatchet.com.au,hello@hatchet.com.au,+490040008,AU
Liquorland Andergrove - Oak St,https://validate.perfdrive.com,contactus@shieldsquare.com,201031728734,AU
Liquorland Railway Estate Bottleshop,https://validate.perfdrive.com,contactus@shieldsquare.com,201031728734,AU
Liquorland Evan St Bottleshop,https://validate.perfdrive.com,contactus@shieldsquare.com,201031728734,AU
Mackay Web Design,http://www.mackaywebdesigns.com.au,,1775454987556,AU
Liquorland Metropolitan Drive,https://validate.perfdrive.com,contactus@shieldsquare.com,201031728734,AU
"Black Cactus Digital | Queensland Website Design and Development, Graphic Design",https://blackcactusdigital.com,hello@blackcactuscreative.com.au,2613253419021,
Top Knotz NQ,https://www.topknotznq.shop,topknotznq@gmail.com,+5530050003,
Liquorland Sydney Street Markets,https://validate.perfdrive.com,contactus@shieldsquare.com,201031728734,AU
Pinkify digital marketing,https://pinkify.com.au,sebastian@aldusleaf.org,+2800200020,
Liquorland Parkside Plaza,https://validate.perfdrive.com,contactus@shieldsquare.com,201031728734,AU
Mathers Townsville,https://www.mathers.com.au,customercare@williamsshoes.com.au,+61483958810,AU
Liquorland Fairfield Central,https://validate.perfdrive.com,contactus@shieldsquare.com,201031728734,AU
Liquorland Northern Beaches,https://validate.perfdrive.com,contactus@shieldsquare.com,201031728734,AU
King of Knives,https://www.kingofknives.com.au,,+10200402,AU
Williams Shoes Willows,https://www.williamsshoes.com.au,customercare@williamsshoes.com.au,+61483958810,AU
Liquorland Thuringowa,https://validate.perfdrive.com,contactus@shieldsquare.com,201031728734,AU
The Sunscreen List™,https://www.thesunscreenlist.com.au,,+4510971016274,
HospitalityHub: Find Hospitality Equipment,https://www.hospitalityhub.com.au,,670976122928761,
Liquorland Castletown,https://validate.perfdrive.com,contactus@shieldsquare.com,201031728734,AU
Liquorland Toms Tavern Drive,https://validate.perfdrive.com,contactus@shieldsquare.com,201031728734,AU
Liquorland Kooyong Hotel Drive,https://validate.perfdrive.com,contactus@shieldsquare.com,201031728734,AU
Her Top Shop,https://www.hertopshop.com.au,info@hertopshop.com.au,+165521105965,
Nautical Wrangler,https://www.nauticalwrangler.com,marlee@nauticalwrangler.com,1697691147635,
Liquorland Boomerang Hotel Barn,https://validate.perfdrive.com,contactus@shieldsquare.com,201031728734,AU
GYM ALPHAS,https://vividfitnessgear.com,,+4510971016274,
The Ink Garden Design Studio,https://www.theinkgarden.com,hello@theinkgarden.com,+73159703262,
Adorable Creatures - handmade clothing for children,http://www.adorablecreatures.com.au,info@adorablecreatures.net,+73159703262,
Hamilton Island Real Estate,https://www.hamiltonislandrealestate.com.au,hire@hamiltonisland.com.au,0749489101,AU
HLM Graphic Design,https://hlmgraphicdesign.com.au,info@hlmgraphicdesign.com.au,2026040601,AU
E2EFi Platforms,https://e2efi.com,,8837016716316,AU
Skyrail Kuranda Terminal,https://skyrail.com.au,reservations@skyrail.com.au,+1112511125,AU
Ezi Ride,https://eziride.com.au,admin@eziride.com.au,+61418985784,
Precedence,https://www.precedence.com.au,info@precedence.com.au,+61740337811,AU
PACK & SEND Cairns,https://www.packsend.com.au,admin@packsend.com.au,+6150215143,AU
Top End Apps,https://www.topendapps.net,,1744906805,AU
Cairns City Graphics,https://www.cairnscitygraphics.com.au,info@cairnscitygraphics.com.au,+61742299819,AU
Mahi Web,https://mahiweb.com.au,info@mahiweb.com,+000080492074,AU
KultureHub.Shop – Online Specialty Store,https://www.kulturehub.shop,kulturehub@mediapartnerslimited.com,+61460858943,AU
Kickass Marketing,https://www.kickassmarketing.com.au,toni@kickassmarketing.com.au,+15555555555,
MedCart Australia Pty Ltd,https://medcart.com.au,,+3151758596755,AU
Soma Cacao,https://www.somacacao.com.au,hello@somacacao.com.au,+160010015,AU
Jacob Negri Web Design & SEO,https://jacobnegri.com.au,hello@jacobnegri.com.au,+61742433354,AU
Tropix Media,https://www.tropixmedia.com.au,hello@tropixmedia.com.au,+0405800425,
Digital Reef Solutions,https://digitalreefsolutions.com.au,hello@digitalreefsolutions.com.au,+610435812465,
OnlineMall Business,https://www.onlinemallbusiness.com,,20240329154423,AU
MCL Oceania Pty. Ltd.,https://mcloceania.com,info@mcloceania.com.au,+61475268731,AU
Big Water Safety Equipment,https://www.bigwater.com.au,,945851542862984,
Cairns Technology Hub,https://technologyhub.com.au,hello@technologyhub.com.au,+61742211864,AU
Babinda Shop,https://www.scraptherapy.com.au,,0740562361,AU
Above & Beyond Web Design,https://abpages.com,sales@abpages.com,82190754602859,AU
FOSSILPOWER,https://www.fossilpower.com.au,info@fossilpower.com.au,+61447962119,AU
eMotion Video Training & Production,https://www.emotionvideo.com.au,info@emotionvideo.com.au,+61413301079,AU
Piko Piko Graphic & Website Design,https://haysally.com,sally@haysally.com,1772165645,
Liquorland Cairns (Warehouse),https://validate.perfdrive.com,contactus@shieldsquare.com,201031728734,AU
Liquorland Edge Hill Bottleshop,https://validate.perfdrive.com,contactus@shieldsquare.com,201031728734,AU
Liquorland Sheridan Street Cellars,https://validate.perfdrive.com,contactus@shieldsquare.com,201031728734,AU
Tea Lily,https://www.tealily.com.au,tealily@gmail.com,+165521105965,AU
Liquorland Centenary Cellars,https://validate.perfdrive.com,contactus@shieldsquare.com,201031728734,AU
Liquorland Woree Bottleshop,https://validate.perfdrive.com,contactus@shieldsquare.com,201031728734,AU
Cellarbrations,https://www.cellarbrations.com.au,info@cellarbrationsbeeliar.com,+1000250,AU
Twomey Schriber Property Group,https://www.tspropertygroup.com.au,info@tspropertygroup.com.au,20240424110815,AU
Sheldon Realty,https://www.sheldonrealty.com.au,,87498693,AU
Cairns Key Real Estate,https://www.cairnskey.com.au,cairns@cairnskey.com.au,+61740426000,AU
Ray White Cairns,https://raywhitecairns.com.au,mailto:cairns.qld@raywhite.com,+61740444888,AU
Champions In Real Estate | Cairns Real Estate Agents,https://www.championsinrealestate.com.au,info@championsinrealestate.com.au,+19015415704,AU
First National Real Estate Atherton,https://www.athertonfn.com.au,mail@athertonfn.com.au,+19015415704,AU
Central Realty Mareeba,https://www.crmareeba.com,admin@crmareeba.com,258634205476077,AU
Ray White Port Douglas,https://raywhiteportdouglas.com.au,mailto:portdouglas.qld@raywhite.com,+61740982501,AU
Top of The Tablelands Realty,https://www.topofthetablelandsrealty.com,topo&#x66;t&#x68;&#x65;&#x74;ab&#x6c;ela&#x6e;d&#x73;@&#x67;mail.c&#x6f;m,20190723100346,AU
Cairns Leading Real Estate,https://www.cairnslre.com,reception@cairnslre.com.au,766454187985832,AU
Mareeba Property Office,https://www.mpo.net.au,sales@mpo.net.au,+61740921355,AU
LJ Hooker Property Plus,https://propertyplus.ljhooker.com.au,contact@ljhookerpropertyplus.com,07204091203144,AU
Explore Property Cairns,https://explorepropertycairnscity.com.au,,98599859134,AU
Ray White Cairns South,https://raywhitecairnssouth.com.au,mailto:sales.cairnssouth@raywhite.com,+61740459700,AU
Redlynch Real Estate,http://www.redlynchrealestate.com.au,admin@redlynchrealestate.com.au,774201239589675,AU
Explore Property Atherton Tablelands,https://www.explorepropertytablelands.com.au,,98599859134,AU
One Health Clinics Cairns,https://onehealthclinics.com.au,,+510498921,AU
SmartClinics Manunda,https://www.smartclinics.com.au,,+12024600319,AU
House Call Doctor - After Hours GP Cairns,https://housecalldoctor.com.au,,202604061557,AU
Professionals Cairns South,https://professionalscairnssouth.com.au,,484771483331511,AU
Walker Real Estate,https://www.garrywalker.com.au,,53597883,AU
Hunt Realty,https://www.huntrealty.com.au,admin@huntrealty.com.au,171532055167697,AU
Liquorland Brinsmead Bottleshop,https://validate.perfdrive.com,contactus@shieldsquare.com,201031728734,AU
Liquorland Southside Bottle Shop,https://validate.perfdrive.com,contactus@shieldsquare.com,201031728734,AU
Liquorland Cairns Central,https://validate.perfdrive.com,contactus@shieldsquare.com,201031728734,AU
Liquorland Kewarra Cellars,https://validate.perfdrive.com,contactus@shieldsquare.com,201031728734,AU
The Industry Estate Agents,https://www.theindustryestateagents.com.au,admin@theindustryestateagents.com.au,+6401792,AU
Liquorland Mt Sheridan Cellars,https://validate.perfdrive.com,contactus@shieldsquare.com,201031728734,AU
Liquorland Coastwatchers Bottleshop,https://validate.perfdrive.com,contactus@shieldsquare.com,201031728734,AU
Liquorland Bella Vista Cellars,https://validate.perfdrive.com,contactus@shieldsquare.com,201031728734,AU
Ray White Rural Atherton,https://raywhiteruralatherton.com.au,mailto:atherton.reception@raywhite.com,+61740917111,AU
Liquorland Redlynch,https://validate.perfdrive.com,contactus@shieldsquare.com,201031728734,AU
Liquorland Trinity Beach Drive,https://validate.perfdrive.com,contactus@shieldsquare.com,201031728734,AU
Liquorland Clifton Beach Bottleshop,https://validate.perfdrive.com,contactus@shieldsquare.com,201031728734,AU
Liquorland Holloways Beach,https://validate.perfdrive.com,contactus@shieldsquare.com,201031728734,AU
Liquorland Grafton Cellars,https://validate.perfdrive.com,contactus@shieldsquare.com,201031728734,AU
Williams Shoes Cairns Central,https://www.williamsshoes.com.au,customercare@williamsshoes.com.au,+61483958810,AU
Liquorland Palm Cove Tavern Drive,https://validate.perfdrive.com,contactus@shieldsquare.com,201031728734,AU
Expedition 134,https://expedition134.com,,+611300397134,
Williams Shoes Smithfield,https://www.williamsshoes.com.au,customercare@williamsshoes.com.au,+61483958810,AU
Liquorland The Anthill Barn,https://validate.perfdrive.com,contactus@shieldsquare.com,201031728734,AU
Liquorland Smithfield,https://validate.perfdrive.com,contactus@shieldsquare.com,201031728734,AU
Cairns Property Office,https://www.cpo.com.au,,452256259239892,AU
Babinda Real Estate,https://babindarealestate.com.au,office@babindarealestate.com.au,61569044281203,AU
Newton Property Group,https://www.newtonpropertygroup.com.au,&#x6b;r&#x79;stal&#x40;ne&#x77;&#x74;onpropertyg&#x72;oup&#x2e;com&#x2e;au,20260318141836,AU
Belle Property Cairns,https://www.belleproperty.com,,+289083419992199,AU
Sommerset Realty - Real Estate Atherton,https://www.sommersetrealty.com.au,raquel@sommersetrealty.com.au,+19015415704,AU
Empire Real Estate Agency,https://empirerealestateagency.com.au,vicki@empirerealestateagency.com.au,+10001000,AU
Professionals Edge Hill,https://professionalsedgehill.com.au,,248191242562876,AU
Zoe Wicks Real Estate,https://www.tspropertygroup.com.au,info@tspropertygroup.com.au,20240424110850,AU
FIVE RIVERS SALES & RENTALS,https://www.fiveriverssalesrentals.com.au,jj@fiveriversgroup.com.au,+61739243301,AU
Boutique Real Estate QLD,https://www.boutiquerealestateqld.com,hello@boutiquerealestateqld.com,411743148081176,AU
Powerhouse Property Cairns,https://www.phpfnq.com.au,sales@phpfnq.com.au,+19015415704,AU
Joe Torrisi Real Estate,https://joetorrisi.com.au,,+610417700468,AU
PROPERTY4YOU - Cairns real estate agent,https://property4you.com.au,daniel@property4you.com.au,+83132857205556,AU
Liquorland Edmonton,https://validate.perfdrive.com,contactus@shieldsquare.com,201031728734,AU
Liquorland Dunwoodys Liquor Barn,https://validate.perfdrive.com,contactus@shieldsquare.com,201031728734,AU
Liquorland Barron River Hotel Drive,https://validate.perfdrive.com,contactus@shieldsquare.com,201031728734,AU
Tron X Digital,https://tronx.com.au,info@tronx.com.au,+2352135994,
Liquorland Grafton Hotel Drive,https://validate.perfdrive.com,contactus@shieldsquare.com,201031728734,AU
Liquorland Commonwealth Hotel Drive,https://validate.perfdrive.com,contactus@shieldsquare.com,201031728734,AU
Fos Digital Pty Ltd,https://www.fosdigital.com.au,brent@fosdigital.com.au,0412196002,
Humans First Design - Website & Marketing Design,https://www.humansfirstdesign.com.au,,+73159703262,
Gilligan's Travels,https://gilligans.com.au,reservations@gilligans.com.au,+80650553956,AU
Tranquility Hideaway by AIP Travel - Mission Beach QLD,https://tranquilityhideaway.com.au,tranquility@aipcollective.com.au,789737778699022,AU
Royal Hotel Herberton,https://www.royalhotelherberton.com.au,rick@dive.com.au,+73159703262,AU
LJ Hooker Cairns Edge Hill,https://cairnsedgehill.ljhooker.com.au,cairnsedgehill@ljheh.com.au,07204053209999,AU
Ray White Cairns Beaches,https://raywhitecairnsbeaches.com.au,mailto:cairnsbeaches.qld@raywhite.com,+61740571800,AU
Inspire Real Estate Cairns,https://inspirecairns.com.au,,62671424,AU
Donna Cahill Cairns Property,https://www.dccairnsproperty.com.au,reception@dccairnsproperty.com.au,20260112124153,AU
Karl Latham,https://www.tspropertygroup.com.au,info@tspropertygroup.com.au,20240424110815,AU
A&A Realty,https://aarealty.net,aarealty@aarealty.net,+61740611466,AU
Freeman's Residential,https://www.freemans.property,,51013761,AU
Stone Real Estate Cairns Beaches,http://www.stonerealestate.com.au,cairnsbeaches@stonerealestate.com.au,+9763114316580,AU
FNQ Real Estate,https://www.fnqrealestate.com.au,f&#x72;e&#x64;@f&#x6e;q&#x72;eales&#x74;ate.c&#x6f;&#x6d;.a&#x75;,20190723100338,AU
Cairns South Properties,https://www.cairnsouth.com.au,jeannie@cairnsouth.com.au,0740555662,AU
Cooktown Platinum Realty,https://www.cooktownplatinumrealty.com.au,&#x6a;ulie&#x40;co&#x6f;&#x6b;town&#x70;&#x6c;atinu&#x6d;&#x72;ea&#x6c;ty.&#x63;&#x6f;&#x6d;&#x2e;a&#x75;,710752426571484,AU
Three Keys Realty,https://www.threekeysrealty.com.au,dii@threekeysrealty.com.au,218626958160521,AU
Dunham Realty,https://www.dunhamrealty.com.au,,74599672,AU
Property Shop Port Douglas,https://www.propertyshopportdouglas.com,info@propertyshopportdouglas.com,46524777563494,AU
Raine & Horne Atherton Real Estate Agents,https://www.raineandhorne.com.au,collette.rowston@atherton.rh.com.au,288960479089715,AU
Ray White Smithfield,https://raywhitesmithfield.com.au,mailto:smithfield.qld@raywhite.com,+61740389200,AU
Professionals Atherton - Real Estate Agents and Property Management,https://www.athertonrealestate.com.au,,484771483331511,AU
Mareeba Property Management,https://www.rentmpm.com.au,rent@rentmpm.com.au,48800740922111,AU
Quaid Real Estate,https://www.quaid.com.au,thomas.quaid@quaid.com.au,201807251122,AU
LJ Hooker Mareeba,https://mareeba.ljhooker.com.au,mareeba@ljhmareeba.com,07204092201556,AU
Sibi Girgenti Real Estate,https://girgentigroup.com,reception@girgentigroup.com,+12201986219441,AU
Raine & Horne Innisfail Real Estate Agents,https://www.raineandhorne.com.au,admin@innisfail.rh.com.au,288960479089715,AU
Cairns Rental Realty,https://www.cairnsrentalrealty.com.au,info@cairnsrentalrealty.com.au,314192535267336,AU
Tony McGrath Real Estate Port Douglas,https://www.tonymcgrath.com.au,info@tonymcgrath.com.au,20220614120439,AU
Mission Beach Property Management,https://www.mbpm.com.au,admin@mbpm.com.au,+078130410160,AU
Queensland Sotheby's International Realty,https://queenslandsothebysrealty.com,admin@qldsir.com,+61755608888,AU
Canopy's Edge Estate,https://www.canopysedge.com.au,sales@canopysedge.com.au,505364486850165,AU
INVEST Property Management,https://www.investproperty.net.au,rentals@4880.com.au,218626958160521,AU
The Pink Company,https://www.realestateportdouglas.com,call&#x75;m@th&#x65;a&#x67;entport&#x64;&#x6f;ug&#x6c;a&#x73;.c&#x6f;m,20230127163655,AU
Mission Beach Property,https://www.missionbeachproperty.com.au,admin@missionbeachproperty.com.au,663335162140127,AU
FNQ Hot Property,https://www.fnqhotproperty.com,nathan@fnqhotproperty.com,640449778749,AU
Colliers Cairns,https://www.colliers.com.au,,+61740313443,AU
Wylandra Estate,https://wylandraestate.com.au,info@wylandraestate.com.au,+73159703262,AU
Alli Paterson Home Realty Cairns,https://homerealtycairns.com.au,,62671424,
"Shamrock Space Studio (Photography, Videography, Aerial)",https://www.shamrockspacestudio.com.au,info@shamrockspacestudio.com.au,+10551261,AU
Angela Martin Real Estate,https://www.angelamartin.com.au,,138268742933302,
Villa Marine,https://www.villamarine.com.au,info@villamarine.com.au,+61740557158,AU
Teresa Cawte Cairns Real Estate Services,https://www.atrealty.com.au,support@atrealty.com.au,0197200161209,
Happy Travels - Cairns,https://happytravels.com.au,,+61266807231,AU
Top Stock Agencies,https://www.topstockagencies.com.au,admin@topstockagencies.com.au,+7812455860,AU
Cairns Property Rentals,https://www.cairnspropertyrentals.com.au,,24440394,
Norfolk Island Real Estate,https://www.norfolkislrealestate.com,sales@&#x6e;&#x69;&#x72;ealestat&#x65;.c&#x6f;&#x6d;.a&#x75;,+672322429,NF
Coastal Realty WA,https://coastalrealtywa.com.au,sales@coastalrealtywa.com.au,+448075448075,AU
Koah Realty,https://koahrealty.com.au,koahrealty@gmail.com,4085200075,
Arajilla Retreat,https://www.arajilla.com.au,,+150002900,AU
Norfolk Island Realty,https://norfolkislandrealty.com,info@norfolkislandrealty.com,+672350701,NF
Torres Property,https://www.torresproperty.com.au,info@torresproperty.com.au,230637548169880,AU
Boutique Residential,https://www.boutiqueresidential.com.au,info@boutiqueresidential.com.au,+19015415704,AU
KORE Property Group,https://koreproperty.com.au,info@koreproperty.com.au,+12201986219441,AU
Blocksidge Real Estate,http://www.blocksidge.com.au,support@siteloft.com,,AU
DiJones Chatswood,https://www.dijones.com.au,home@dijones.com.au,+61299086099,AU
Ray White Upper North Shore - Turramurra,https://raywhiteuppernorthshore.com.au,mailto:uppernorthshore.nsw@raywhite.com,+61294499066,AU
Raine & Horne Kogarah,https://www.raineandhorne.com.au,andrew.brown@corp.rh.com.au,288960479089715,AU
Century 21 Aspire Group,https://c21aspiregroup.com.au,admin.aspire@century21.com.au,+267161991,AU
North Avenue Real Estate,https://northavenuere.com.au,info@northavenuere.com.au,+61434117337,AU
DiJones Castle Hill,https://www.dijones.com.au,home@dijones.com.au,+61299086099,AU
Professionals Bundaberg - Real Estate Agents and Property Management,https://www.professionals.com.au,,611442099490569,AU
Norfolk Island Travel Centre,https://www.norfolkislandtravelcentre.com,sales@nitravelcentre.com,+672322502,NF
Professionals Geraldton - Real Estate Agents and Property Management,https://www.professionalsgeraldton.com.au,,498752574570337,AU
Elders Geraldton,https://elders.com.au,elders.communications@elders.com.au,1669702755463,AU
Ray White Geraldton Dongara,https://raywhitegeraldtondongara.com.au,mailto:geraldton.wa@raywhite.com,+61899657600,AU
Vitale & Co Property Management Services,https://vitaleco.com.au,rentals@vitaleco.com.au,+10241024,AU
"Hospitality Geraldton, SureStay Collection by Best Western",https://www.bestwestern.com,,+1064845,AU
Geraldton Property Team,https://geraldtonpropertyteam.com.au,sales@geraldtonpropertyteam.com.au,421863457853084,AU
RideLender Perth,https://www.ridelender.com.au,,+9431921385972,AU
Wedgetail Inn Hotel,https://australiasguide.com,,1513753583273,AU
Outsourced Australia,https://outsourced.co,,+61281033124,AU
Education Technology Specialists - Edtechs,https://www.edtechs.com.au,customer.service@edtechs.com.au,+4989828449,AU
Wise Market Australia,https://wisemarket.com.au,support@wisemarket.com.au,+32248508241446,AU
PACK & SEND Burwood Village,https://www.packsend.com.au,admin@packsend.com.au,+6150215143,AU
Straightsell,https://www.straightsell.com.au,w3bforms@straightsell.com.au,+61870784580,AU
DYZ International Pty Ltd,https://www.dyzglobal.com,dyzglobal@gmail.com,+165521105965,AU
Aligent,https://www.aligent.com.au,contact@aligent.com.au,+61872262152,AU
PACK & SEND Hilton,https://www.packsend.com.au,admin@packsend.com.au,+6150215143,AU
Express Fulfillment,https://www.expressfulfillment.com.au,,1386029633,AU
Honeyweb,https://www.honeyweb.com.au,,0604202632959,AU
Ecom Nation,https://ecomnation.com.au,,+73159703262,AU
PACK & SEND Unley,https://www.packsend.com.au,admin@packsend.com.au,+6150215143,AU
UrbanDotted,https://urbandotted.com,info@stagheaddesigns.com,+165521105965,AU
Online Path Digital Marketing,https://onlinepath.com.au,hello@onlinepath.com.au,60762900000003,AU
Futr Digital,https://www.futr.com.au,,+17921792,AU
PACK & SEND Adelaide East,https://www.packsend.com.au,admin@packsend.com.au,+6150215143,AU
PACK & SEND Norwood,https://www.packsend.com.au,admin@packsend.com.au,+6150215143,AU
DBG Technologies,https://www.dbgtechnologies.com.au,sales@dbg.net.au,+9763114316580,AU
Rapidride Coach Hire,https://rapidride.com.au,,7575001275,AU
110 DigiTech Pty Ltd,https://110digitech.com.au,info@110digitech.com.au,+61424177860,AU
Seven Star Passenger Service,http://www.chauffeuradelaide.com.au,admin7@sevenstarpassengerservice.com.au,+610883777606,AU
Suburban Taxis Adelaide,https://www.suburbantaxis.com.au,,1775455215,AU
Snaffle,https://www.snaffle.com.au,,+13846731326,
PACK & SEND Marion,https://www.packsend.com.au,admin@packsend.com.au,+6150215143,AU
PACK & SEND Gepps Cross,https://www.packsend.com.au,admin@packsend.com.au,+6150215143,AU
Apxium,https://www.apxium.com,info@apxium.com,+1300765685,AU
Webcom Systems Pty Ltd,https://webcomsystems.com.au,,+61490820818,AU
PACK & SEND Salisbury,https://www.packsend.com.au,admin@packsend.com.au,+6150215143,AU
PACK & SEND Nailsworth,https://www.packsend.com.au,admin@packsend.com.au,+6150215143,AU
Woodland Hair Co,https://www.woodlandhairco.com.au,,1765837550757,AU
Allways Coffee,https://allways.coffee,info@allways.coffee,+2485377570778,
Tech Tack Pty Ltd,https://techtack.com.au,infotechtack@gmail.com,+97203160293,AU
Toys2Learn,https://toys2learn.com.au,sales@toys2learn.com.au,+0062667392,AU
Massive Empire WordPress,https://massiveempire.net,support@massiveempire.freshdesk.com,1773882296,
Razzino Furniture,https://razzinofurniture.com.au,info@razzinofurniture.com.au,+165521105965,AU
A&H Digital Solutions,https://www.aandh.com.au,support@aandh.com.au,+61884700243,AU
Specter Financial,https://specterfinancial.com.au,info@specterfinancial.com.au,+9763114316580,AU
Black Bull Solutions,https://blackbullsolutions.com,blackbullsoftwares@gmail.com,+61450878328,AU
134100 Hello Home Doctor Service,https://hellohomedoctor.com.au,info@hhds.com.au,346306065363,AU
Urgent Scripts,https://urgentscripts.com.au,info@urgentscripts.com.au,+1000100,AU
Pro Health Care Norwood,https://prohealthcare.com.au,info@marketingsweet.com.au,+61884315506,AU
Signal Health Newton (formerly EAHC Newton),https://www.signalhealthnewton.com.au,,+0405800425,AU
Vitality Healthcare Medical Centre,https://www.vhcmedical.com.au,info@vhcmedical.com.au,1544507851046,AU
Pro Health Care Mitcham,https://prohealthcare.com.au,info@marketingsweet.com.au,+61882712222,AU
Malvern Medical Centre – Hawthorn,https://www.ipn.com.au,,+5513942149813,AU
Regency Medical Clinic,https://regencyclinic.com.au,,3018823043503,AU
Crafter Health,https://www.crafter.health,matt@crafter.health,621021696075216,AU
Pro Health Care Hope Valley,https://prohealthcare.com.au,info@marketingsweet.com.au,+61883964000,AU
Pro Health Care Northwest,https://prohealthcare.com.au,info@marketingsweet.com.au,+61882582558,AU
Infomax Digital - Web Design Agency Adelaide,https://www.infomaxdigital.com.au,hello@infomaxdigital.com.au,+61881005246,AU
Alltraders,https://www.alltraders.com.au,,201612081920,AU
DevIT Technologies - SEO | Web Design & Development Agency,https://devittechnologies.com,hello@devittechnologies.com,+61452659925,AU
DigiTrix,https://digitrix.com.au,,314823850437978,AU
Loudachris Digital Marketing - Google Ads & Local SEO Agency in Adelaide,https://www.loudachris.com.au,,+61403454199,AU
Adelaide SEO Marketing,https://adelaideseomarketing.com.au,hello@adelaideseomarketing.com.au,+61870933426,AU
3W Digital Agency,https://3wdigitalagency.com.au,info@3wdigitalagency.com.au,+0012345678,AU
Incipient Infotech,https://incipientinfotech.com.au,sales@incipientinfotech.com.au,+61403407912,AU
Asiafly,https://www.asiaflyexp.com,cs@asiafly.com.cn,101769226343231,AU
LoFi Simplify,https://www.lofisimplify.com.au,mailto:rahul@lofisimplify.com.au,1765709663,AU
Webcare Solutions Pty. Ltd. - Adelaide Web Design,https://webcare.com.au,info@webcare.com.au,13002065620902,
Betasoft Digital,https://betasoftdigital.com.au,,+61414638377,AU
Piiink,https://piiink.org,,2024110,AU
Affordable Web Design Agency,https://www.affordablewebdesignadelaide.com.au,,0435137974,AU
DigitXL - Martech & CRO Agency | Adelaide,https://www.digitxl.com.au,,+1300561344,AU
Professionals Robins 888 - Real Estate Agents and Property Management,https://www.professionalsrobins888.com.au,,484771483331511,AU
Professionals Real Estate - Elizabeth,https://www.professionalselizabeth.com.au,,484771483331511,AU
Edge Realty,https://www.edgerealty.com.au,mike.lao@edgerealty.com.au,16330791568,AU
Boffo Real Estate,https://boffo.com.au,hello@boffo.com.au,+61882697711,AU
Korn Real Estate,https://www.korn.com.au,korn@korn.com.au,20240215215247,AU
Ray White Port Augusta,https://raywhiteportaugusta.com.au,mailto:portaugusta.sa@raywhite.com,+61886425777,AU
Ray White Mawson Lakes,https://raywhitemawsonlakes.com.au,mailto:mawsonlakes.sa@raywhite.com,+61883496688,AU
One Point Eight Real Estate,https://www.onepointeightrealestate.com.au,admin@onepointeightrealestate.com.au,+610872262422,AU
Real Simple Real Estate,https://www.rsresa.com.au,karina@realsimplerealestate.com.au,65392327575265,AU
Magain Real Estate Stepney,https://www.magain.com.au,magainstepney@email.propertyme.com,+2038178,AU
Neale Realty,https://www.nealerealty.com.au,info@nealerealty.com.au,+477175477175,AU
Ray White Henley Beach,https://raywhitehenleybeach.com.au,mailto:henleybeach.sa@raywhite.com,+61882359822,AU
Ray White Craigmore,https://raywhitecraigmore.com.au,mailto:craigmore.sa@raywhite.com,+61882840055,AU
First National Real Estate Salisbury,https://www.fnsalisbury.com.au,admin@fnsalisbury.com.au,613250072030448,AU
Xsell Property,https://xsellproperty.com.au,info@xsellproperty.com.au,+61882673700,AU
CENTURY 21 First Choice In Real Estate,https://teatreegully.century21.com.au,admin@century21northeast.com.au,+61282950600,AU
Prime Property Group,https://www.primepropertygroupsa.com.au,admin@nresa.com.au,218626958160521,AU
Total GP Care Prospect,https://totalgpcare.com.au,,+61881020992,AU
One Care Medical Centre,https://familydoctor.com.au,,318727041982527,AU
365 Days Medical Centre Kidman Park,https://www.365daysmedicalcentre.com.au,,103018484843412,AU
WEB MAKERZ WORLD,https://webmakerzworld.com,info@webmakerzworld.com,+61452335900,AU
Choice of Living Health Centre,https://choiceofliving.com,admin@choiceofliving.com.au,+17921792,AU
Harry Papas | Digital Marketing Consultant,https://harrypapas.com,,01520153,
Atomix,https://www.atomix.com.au,hello@atomix.com.au,+21443439948,AU
SPACETEK,https://spacetek.com.au,online@spacetek.com.au,+8881093455,
Aloomic,https://aloomic.com.au,hello@aloomic.com.au,+61432749417,AU
A&kproductsworld,https://krivoxlabs.com.au,contact@krivoxlabs.com.au,+52555255,
Them Advertising,https://them.com.au,hello@them.com.au,+3247858,AU
Myadd Advertising + Digital,https://myadd.com.au,admin@myadd.com.au,+61883632677,AU
pixellounge,https://www.pixellounge.com,contact@pixellounge.com,0881218171,AU
FAIR Consulting Group,https://faircg.com,,+01361632,AU
Larcor Real Estate,https://www.larcor.com.au,sales@l&#x61;rco&#x72;.&#x63;om.&#x61;u,20190723100340,AU
One Agency Mildura | Real Estate,https://oneagencymildura.com.au,admin@oneagencymildura.com.au,+108712086,AU
Ray White Mildura,https://raywhitemildura.com.au,mailto:mildura.vic@raywhite.com,+61350219500,AU
CENTURY 21 The Bay,https://glenelg.century21.com.au,admin@c21thebay.com.au,+61282950600,AU
WILLIAMS Real Estate,https://www.williamsproperty.com.au,,1009725134,AU
Elite Accommodation,https://www.eliteaccommodation.com.au,,+420040002,AU
"First National Real Estate Collie & Tierney, Mildura",https://collieandtierney.com.au,john@smith.com,324496141455036,AU
Matthews Hospitality Group,https://www.matthewshospitality.com.au,hello@matthewshospitality.com.au,314192535267336,AU
Proud Mary Cruises,https://www.proudmary.com.au,,+611800677683,AU
Grand Cru Estate,https://traveleto.com,,176537647,AU
Lake Eyre Tours,https://www.lakeeyretours.com.au,lakeeyretours@gmail.com,+61477333746,AU
M&G Hotel Group - Accommodation,https://mghotelgroup.com.au,,1773795085,AU
Watervale Hotel - Ethical Epicurean Experiences,https://watervalehotel.com.au,,+16666666666667,AU
Remote Territory Healthcare,https://www.rthc.net,admin@rthc.net,+192030891,AU
Pinnacle People Adelaide,https://www.pinnaclepeople.com.au,,+1108706,AU
Kinetic Tech Australia,https://kinetictech.com.au,info@kinetictech.com.au,+2972925458,
Adelaide Websites,https://www.adelaidewebsites.com.au,,0873247170,AU
World Options PA,https://worldoptionspa.com.au,hello@worldoptionspa.com.au,+58678750258,
Welkin Web Solutions Australia,https://welkinwebsolutions.com.au,info@welkinwebsolutions.au,+10001000,AU
Juggle House Experiences,https://www.jugglehouse.com.au,bookings@jugglehouse.com.au,+76355751535,AU
WOW Marketing | Graphic & Web Design Adelaide,https://wowmarketing.com.au,,+10001000,AU
Redstar Media,https://www.redstarmedia.com.au,hello@redstarmedia.com.au,+61419908944,AU
"Tropical Scene - djembe drums, Bali homeware, decor, clothing",https://www.tropicalscene.com.au,tropicalscene@bigpond.com,+485213485213,
ALIAN Design Agency,https://alian.co,,61403512210,AU
Sqaner,https://www.sqaner.com,,1772805850832,AU
Trinoyona,https://trinoyona.com,info@trinoyona.com,+28333768,AU
JABA,https://jaba.com.au,,892649438389,AU
iDigifi,https://www.idigifi.com.au,info@idigifi.com.au,08208100205244,AU
O'Neills Irish International Sports Australia PTY Ltd,https://www.oneills.com,${location.email},+2152826428,AU
Unient,https://www.unient.biz,info@unient.biz,+18558864368,AU
TSA Group,https://tsagroup.com.au,,+61892177000,AU
InHealth Medical West Lakes,https://www.inhealthmed.com.au,westlakes@inhealthmed.com.au,+61882672555,AU
Tonal Range Design Services,https://tonalrange.com,,545993038909254,
Morphettville Medical Centre,https://www.ipn.com.au,,+5513942149813,AU
Wakefield Medical Clinic,https://wakefieldmedicalclinic.com.au,,17591919175913,AU
Hampstead Health Family Practice Medical Centre,https://hampsteadhealth.com.au,contact@digitaloneagency.com.au,+53214959344,AU
bulkbilling.doctor - bulk billing telehealth doctors,https://www.abbyhealth.app,hello@abbyhealth.app,314611002631461,AU
Family Home Doctors,https://familyhomedoctor.com.au,,08207231201610,AU
Hindmarsh Bowden Health,https://hbhealth.com.au,,471384273342570,AU
Richmond Health Clinic,https://www.richmondhealthclinic.com.au,mark.ryan@quantumdigital.com.au,+10011100,AU
Para Hills 365 Days Medical Centre,https://www.365daysmedicalcentre.com.au,,103018484843412,AU
Pro Health Care Henley Beach,https://prohealthcare.com.au,info@marketingsweet.com.au,+61870823727,AU
Mawson Lakes Healthcare Complex - Medical Complex,https://www.mawsonlakeshealthcare.com.au,admin@samedical.com.au,+61883596266,AU
Unihealth Playford,https://unihealthplayford.com.au,admin@unihealthplayford.com.au,+1123330,AU
Pulse Tech Solutions Pty Ltd,https://www.pulsetechsolutions.com.au,info@pulsetechsolutions.com.au,+61881217912,AU
Playford Medical Centre,https://www.playfordmedicalcentre.com.au,info@playfordmedicalcentre.com.au,230933241731045,AU
Data#3 - Adelaide,https://www.data3.com,,+75814666696791,AU
Vectra Corporation Ltd,https://www.vectra-corp.com,info@vectra-corp.com,+5285737,AU
Continua Software,https://www.continuagroup.co,info@continuasoftware.com,314192535267336,AU
Bridge SAAS,https://bridge.website,john@doe.com,+61280909000,AU
Byte Digital Consulting Pty. Ltd.,https://byte-digital.com.au,hello@byte-digital.com.au,18019330602,AU
Octagonal Consulting,https://www.octagonal.consulting,info@octagonal.consulting,+61888819500,AU
Prefactor,https://prefactor.tech,hello@prefactor.tech,812812812848,AU
Pilgrim RE,https://pilgrimre.com.au,kirsty@pilgrimre.com.au,+9763114316580,AU
Belle Property Henley Beach,https://www.belleproperty.com,,+289083419992199,AU
Professionals Real Estate Mildura - Real Estate Agents and Property Management,https://professionalsmildura.com.au,,484771483331511,AU
Wemark Real Estate,https://www.wemark.com.au,info@touristalreality.com,+97145539685,AU
Tierney Real Estate Mildura,https://www.tierneyrealestatemildura.com.au,info@trem.com.au,14215731982395,AU
Harcourts EP Coast,https://harcourts.net,,1730950373879,AU
DB Philpott Real Estate,https://dbphilpott.com.au,enquiry@sellandrent.com.au,383472166272907,AU
Eclipse Real Estate,https://www.eclipserealestate.com.au,sayhello@eclipserealestate.com.au,202604011207421,AU
Outback Real Estate,https://www.outbackrealestate.com.au,,218626958160521,AU
Fox Real Estate,https://www.foxrealestate.com.au,fox@foxrealestate.com.au,+61882674995,AU
Giordano & Partners | Luxury Real Estate Collection,https://giordanopartners.com,enquiries@giordanopartners.com,+52806993308,AU
Harcourts Essential,https://harcourts.net,essential@harcourts.com.au,+331125827814569,AU
OC Real Estate,https://ocre.com.au,enquiries@ocre.com.au,1775013325280,AU
Go Gift Yourself,https://gogiftyourself.com.au,admin@gogiftyourself.com.au,+4510971016274,
All Adelaide Real Estate - City Edge,https://www.alladelaidecityedge.com.au,admin@alladelaide.com.au,1346851571,AU
Liquorland Ingle Farm (Warehouse),https://validate.perfdrive.com,contactus@shieldsquare.com,201031728734,AU
White Peak Digital - Web Design Adelaide,https://www.whitepeakdigital.com,contact@whitepeakdigital.com,+82082457882,AU
Sanico Software,https://www.sanico.com.au,,+85028674,
Web Design Cafe Pty Ltd,https://webdesigncafe.com.au,,0101010101,AU
Onyx Realtors Pty Ltd,https://onyxrealtors.com.au,admin@onyxrealtors.com.au,+17921792,AU
Grays Pooraka,https://www.grays.com,accountsreceivable@grays.com.au,+0110742098,AU
Living Web Design,https://www.livingwebdesign.com.au,admin@livin.com.au,+00513909282,
RC Digital | Adelaide SEO & Marketing Consultant,https://ryanchilton.com.au,info@ryanchilton.com.au,45572289020,
E Commerce and Business Training Group AU (ECBTG),https://www.ecbtg.com,etraininggroupau@gmail.com,+61452226726,AU
East End Marketing,https://eastendmarketing.com.au,,840289169383,AU
Liquorland Unley (Warehouse),https://validate.perfdrive.com,contactus@shieldsquare.com,201031728734,AU
Every Event Australia,https://www.everyeventaus.com.au,info@everyeventaustralia.com.au,808872063680307,
Activeq,https://www.activeq.com.au,info@activeq.com.au,+299999993,
site master design,https://sitemasterdesign.com,info@sitemasterdesign.com,+61451049712,AU
Liquorland Hindmarsh (Warehouse),https://validate.perfdrive.com,contactus@shieldsquare.com,201031728734,AU
Call2View Real Estate,https://call2view.com.au,jody@call2view.com.au,+61889111292,AU
Search & Internet Marketing,https://www.searchinternet.com.au,info@searchinternet.com.au,+6141461414,AU
"Dunvegan Real Estate - Property Management, Real Estate Palmerston",https://www.dunvegan.net.au,admin@dunvegan.net.au,+73159703262,AU
Freedom Property Palmerston,https://sites.freedomproperty.com.au,jacob.reynolds@freedomproperty.com.au,553955594151830,AU
Renee's Realty NT,https://www.rrealtynt.com.au,enquiry@rrealtynt.com.au,+19015415704,
Elaine Mills Property Management,https://indigrealtyco.com.au,admin@indigrealtyco.com.au,165432358084031,AU
Realistic Views,https://www.realisticviews.com.au,photos@realisticviews.com.au,+042497199704,AU
The Indigenous Real Estate Company,https://indigrealtyco.com.au,admin@indigrealtyco.com.au,165432358084031,
Smart Real Estate,https://smartdarwin.com.au,admin@smartdarwin.com.au,+61431552607,AU
Core Realty NT,https://www.crnt.com.au,admin@crnt.com.au,20190723100335,AU
Absolute Real Estate NT - Darwin,https://www.absolutent.com.au,info@absolutent.com.au,+61889306600,AU
Real Estate Central,https://www.recentral.com.au,john@smith.com,1175811637,AU
The Pavilion at Sevenhill,https://thepavilionatsevenhill.com.au,info@thepavilionatsevenhill.com,+417630332,AU
Want de Rowe Real Estate,https://wdrrealestate.com.au,rebecca@wdrrealestate.com.au,+5125455,AU
Ray White Bayside Real Estate,https://raywhitebayside.com.au,mailto:bayside.nt@raywhite.com,+61889867131,AU
Railway Hotel-Motel Jamestown,https://railwayhoteljamestown.com.au,info@railwayhoteljamestown.com.au,1752035757790,AU
Mount Pleasant Hotel Motel,https://mountpleasanthotelmotel.com.au,,+5981795748,AU
Spalding Hotel,https://spaldinghotel.com.au,micah@micahrich.com,+503242017778,AU
Mannum Hotel,https://mannumhotel.com.au,,+61885691008,AU
CENTURY 21 McLeods Broken Hill,https://brokenhill.century21.com.au,c21brokenhill@century21.com.au,+61282950600,AU
"Clare Valley Wine, Food and Tourism Centre",https://www.clarevalley.com.au,ask@clarevalley.com.au,+6188422131,AU
Professionals Adelaide City,https://www.professionalsadelaidecity.com.au,,484771483331511,AU
Nich Real Estate Agency,https://www.nich.com.au,admin@nich.com.au,+40307070,AU
PRD Real Estate Mildura,https://www.prd.com.au,admin@prdmildura.com.au,11372568686,AU
Profile Real Estate,https://www.profilegroup.com.au,enquiries@profilegroup.com.au,323544338102424,AU
Teague. Real Estate + Property Management,https://teaguere.com.au,hello@teaguere.com.au,+10001000,AU
Barry Plant Mildura,https://www.barryplant.com.au,mildura@barryplant.com.au,+6941130192,AU
Agency Avenue Schinellas,https://www.agencyavenue.com,damian@agencyavenue.com,+9763114316580,AU
1840 Real Estate,https://www.1840.com.au,office@1840.com.au,148692109330084,AU
Jason Mills - Ray White Real Estate,https://raywhiteunley.com.au,mailto:jason.mills@raywhite.com,+61431809306,AU
Barker Real Estate,https://barkerrealestate.com.au,admin@barkerrealestate.com.au,0885233005,AU
CENTURY 21 Beachside & Lakes,https://semaphore.century21.com.au,admin@semaphorerealestate.net.au,+61282950600,AU
Ray White Angle Vale,https://raywhitegawlereast.com.au,mailto:gawlereast.sa@raywhite.com,+61878068227,AU
Ray White Norwood,https://raywhitenorwood.com.au,mailto:norwood.sa@raywhite.com,+61870785802,AU
Gordon Agencies,https://gordonagencies.com.au,admin@gordonagencies.com.au,+280329+5024+6855,AU
Torrens Clinic,https://www.torrensclinic.com,,1775223720033,AU
Stanley Samuels Property Management,https://stanleysamuels.com.au,admin@stanleysamuels.com.au,+61882973010,AU
Elizabeth Medical & Dental Centre - 100% Bulk Billing,https://www.elizabethmedicalcentre.com.au,,+61882568000,AU
Trinity Medical Centre,https://www.trinitywestcare.com.au,feedback@trinitywestcare.com.au,+1001283,AU
Blair Athol Medical Clinic,http://www.blairatholmedicalclinic.com.au,info@blairatholmedicalclinic.com.au,+8192933292,AU
Pro Health Care Beverley,https://prohealthcare.com.au,info@marketingsweet.com.au,+61883480000,AU
IvyMed Clinic Salisbury SA,https://www.ivymedclinic.com.au,info@ivymedclinic.com.au,+17921792,AU
Klemzig Village Medical Clinic,https://www.klemzigvillagemedical.com.au,reception@klemzigvillagemedical.com.au,13052553387854,AU
Medical HQ Glynde,https://medicalhq.com.au,,20230130104045,AU
Erindale Medical & Health,https://erindalemedical.net.au,admin@erindalemedical.net.au,+61871225999,AU
CLINIC H,https://clinich.com.au,nurse@clinich.com.au,+0474224219,AU
North Eastern Health Centre,http://www.northeasternhealthcentre.com.au,office@gullymedical.com.au,348205388765104,AU
Marden Medical Clinic,https://mardenmedicalclinic.com.au,,0883627032,AU
Paradise Medical Centre (Formerly Known as Windsor Village Medical Centre),http://www.wvmc.com.au,,+8202320083,AU
Lime Medical Clinic,https://familydoctor.com.au,,+78001720031,AU
Murray Street Medical,https://www.murraystreetmedical.com.au,,19179487179487,AU
Norwood Village Medical & Dental Centre,https://www.norwoodvillagemedicalanddental.com.au,,+61884251333,AU
ProMed Family Clinic,https://www.promedfc.com.au,,+1920650,AU
Liquorland Golden Grove (Warehouse),https://validate.perfdrive.com,contactus@shieldsquare.com,201031728734,AU
Carbine Boots and clothing,https://www.allrounderboots.com,allrounderqld@gmail.com,314192535267336,
Dyne Quilts & Rejuvenation,https://dyneman.com.au,,+28333768,AU
Tigerheart Studios,https://tigerheart.com,hello@tigerheart.com,+78180678248288,
"Web Team Adelaide - Web Design, Google Ads & SEO Agency",https://webteamadelaide.com.au,,+1300970930,AU
Red Moth Web Design,https://redmoth.com.au,,2808390192476,
Australia Post - Magill North LPO,https://auspost.com.au,sales@datawash.com.au,+61137678,AU
Liquorland Collinswood (Warehouse),https://validate.perfdrive.com,contactus@shieldsquare.com,201031728734,AU
Liquorland Mildura (Warehouse),https://validate.perfdrive.com,contactus@shieldsquare.com,201031728734,AU
Liquorland Hendon (Warehouse),https://validate.perfdrive.com,contactus@shieldsquare.com,201031728734,AU
Plastyk Studios,https://www.plastyk.com.au,howdy@plastyk.com.au,+73159703262,AU
Martins Digital Marketing,https://martinsdigitalmarketing.com,,+117647058823530,AU
SHOUT Electronic Design,http://www.shout-ed.com,admin@shout-ed.com,0881214086,
MindVision,https://www.mindvision.com.au,info@mindvision.com.au,+61881272222,AU
Raine & Horne Darwin,https://www.raineandhorne.com.au,admin@darwin.rh.com.au,288960479089715,AU
Ray White Darwin,https://raywhitedarwin.com.au,mailto:darwin.nt@raywhite.com,+61419824799,AU
Mat Supplies,http://www.matsupplies.com.au,sales@matsupplies.com.au,+46022801660,AU
Smith Real Estate NT,https://www.smithrealestatent.com.au,wayne@smithrealestatent.com.au,644347497187114,AU
Cate Killiner Real Estate,https://ckrealestate.com.au,reception@ckrealestate.com.au,+51210090,AU
Ray White Commercial NT,https://rwcnt.com.au,mailto:rwcnt@raywhite.com,+61889433500,AU
Territory Real Estate,https://www.territoryrealestate.com.au,stu@territoryrealestate.com.au,2482311462114,AU
Solis Real Estate,https://www.solisrealestate.com.au,hello@solisrealestate.com.au,+73159703262,AU
Brickworks Medical Centre,http://www.brickworksmedical.com.au,,0871601187,AU
Golden Way Medical Centre,https://www.ipn.com.au,,+5513942149813,AU
Independent Practitioner Network,https://www.ipn.com.au,info@ipnet.com.au,+5513942149813,AU
WealthMax Real Estate,https://wealthmaxgroup.com.au,info@wealthmaxgroup.com.au,2482311462114,AU
East Adelaide Healthcare Marden,https://www.eahc.com.au,feedback@eahc.com.au,+61882306900,AU
Women's Health Plus,https://www.womenshealthplus.com.au,reception@womenshealthplus.com.au,+61872254335,AU
IvyMed Clinic Northpark SA,https://www.ivymedclinic.com.au,info@ivymedclinic.com.au,+17921792,AU
Silverline Health Care - Mildura,https://silverlinehealthcare.com.au,,+108712086,AU
Old Port Road Medical & Dental Centre,https://www.forhealtholdportroad.com.au,,+61884470000,AU
Akkadian Health,https://www.akkadianhealth.com.au,reception@akkadianhealth.com,+166666666667,AU
North East Modbury Medical & Dental Centre - 100% Bulk Billing,https://www.modburymedicalcentre.com.au,,+61872246666,AU
Munno Para Family Medical,https://munnoparafamilymedical.com.au,,+10001000,AU
Dernancourt Medical Centre,https://dernancourtmc.com.au,,+26001311,AU
IvyMed Clinic Norwood SA,https://www.ivymedclinic.com.au,info@ivymedclinic.com.au,+17921792,AU
Surrey Downs Medical Centre,https://www.ipn.com.au,,+5513942149813,AU
Women's and Children's Health Network,https://www.wchn.sa.gov.au,info@yarrowplace.sa.gov.au,+17921844,AU
Fountain Corner Family Practice,https://www.ipn.com.au,,+5513942149813,AU
Doman & Co. Real Estate,https://www.domanandco.com,hello@domanandco.com,177509784955855,AU
Thrive Physio Plus,https://www.thrivephysioplus.com.au,admin@thrivephysioplus.com.au,+61884900777,AU
Raine & Horne Unley Real Estate Agents,https://www.raineandhorne.com.au,con.pappas@unley.rh.com.au,288960479089715,AU
Alexa Real Estate,https://www.alexarealestate.com.au,enquiries@alexarealestate.com.au,314192535267336,AU
Klemich Real Estate,https://klemich.com.au,matt@klemich.com.au,+61881320255,AU
Royal Real Estate,https://www.royalrealestatesa.com.au,,20210626120405,AU
Noakes Nickolas,https://noakesnickolas.com.au,info@noakesnickolas.com.au,+46983006,AU
CENTURY 21 Golden Estates - Mawson Lakes,https://kpg.century21.com.au,property@c21kpg.au,+61282950600,AU
Century 21 Western/Coastal,https://westerncoastal.century21.com.au,realestate@c21wc.com.au,+61282950600,AU
Kaide Real Estate,https://www.kaidere.com,,25202604,AU
Ray White Adelaide City,https://raywhiteadelaidecity.com.au,mailto:adelaidecity.sa@raywhite.com,+61883521652,AU
"First National Real Estate Burton Groves, Tea Tree Gully",https://burtongroves.com.au,mail@burtongroves.com.au,0882655511,AU
Smallacombe Sanderson,https://www.adelaidehomes.com.au,,202604061606,AU
Ray White Riverland,https://raywhiteriverland.com.au,mailto:riverland.sa@raywhite.com,+61885866831,AU
Raine & Horne Kurralta Park,https://www.raineandhorne.com.au,admin@kp.rh.com.au,288960479089715,AU
Julianne Price Real Estate,https://www.jpre.net.au,julianne@jpre.net.au,+61882270444,AU
Realize Properties,https://www.realizeproperties.com.au,reception@realizeproperties.com.au,13861566162,AU
Harcourts Elite Adelaide,https://harcourts.net,hazem.state@harcourts.com.au,+00101010,AU
Liquorland Parafield Gardens,https://validate.perfdrive.com,contactus@shieldsquare.com,201031728734,AU
Liquorland Burnside (Cellars),https://validate.perfdrive.com,contactus@shieldsquare.com,201031728734,AU
Liquorland Modbury Heights,https://validate.perfdrive.com,contactus@shieldsquare.com,201031728734,AU
Refined Real Estate,https://www.refined.com.au,,505826544024518,AU
Liquorland St Agnes,https://validate.perfdrive.com,contactus@shieldsquare.com,201031728734,AU
KarBec IT Services,https://www.karbec.com.au,support@karbec.com.au,50936392863704,AU
Liquorland Whyalla Westlands,https://validate.perfdrive.com,contactus@shieldsquare.com,201031728734,AU
Liquorland Rundle Mall,https://validate.perfdrive.com,contactus@shieldsquare.com,201031728734,AU
P.J. White & Co,https://www.pjwhite.com.au,sales@pjwhite.com.au,+0860139111,AU
MJ Fitness,https://mjfitness.au,sales@mjfitness.au,220688324407929,
Humpty Doo Hotel,https://humptydoohotel.com.au,info@humptydoohotel.com.au,100063618398373,AU
Rydges Palmerston,https://www.rydges.com,contactus@priorityguestrewards.com.au,+61889836666,AU
A7Designs,https://www.adelaidewebsitedesign.com.au,info@a7designs.com.au,+61881780961,AU
Professionals Darwin - Real Estate Agents and Property Management,https://www.professionalsdarwincity.com.au,,484771483331511,AU
Colliers,https://www.colliersnt.com,debbie.bear@colliers.com,+61889970888,AU
First National Real Estate O'Donoghues,https://www.ofndarwin.com.au,sales@ofndarwin.com.au,281682726005069,AU
Habitat Real Estate | Darwin Property Management,https://www.habitatrealestate.com.au,enquiry@habitatrealstate.com.au,+61889810080,AU
Go Wise Real Estate,https://gowise.com.au,sales@gowise.com.au,0889421200,AU
LJ Hooker Darwin,https://darwin.ljhooker.com.au,reception@ljhookerdarwin.com.au,08208924200900,AU
Thrive Property NT,https://thrivepropertynt.com.au,belinda@thrivepropertynt.com.au,+61889110741,AU
Kostas Real Estate,https://kre.net.au,admin@kre.net.au,178623332041,AU
Above & Beyond Property Management,http://aboveandbeyondnt.com.au,reception@aboveandbeyondnt.com.au,1000928181,AU
Springwood Family Medical,https://www.springwoodfm.com.au,,72102564102564,AU
Laurence Real Estate,https://www.laurencerealestate.com.au,,+61411889778,
Mitcham General Practice,https://mitchamgp.com.au,reception@mitchamgp.com.au,101951594696938,AU
Connect2Care - NDIS Provider,https://connect2care.com.au,info@connect2care.com.au,+1614849,AU
Playford GP,https://playfordfamilymedical.com.au,,+10001000,AU
Pro Health Care Walkerville - Dr Marco Gleeson,https://prohealthcare.com.au,info@marketingsweet.com.au,+61882692622,AU
Earworx,https://www.earworx.com.au,info@earworx.com.au,+611800327967,AU
Allied X - Adelaide,https://alliedx.com.au,info@alliedx.com.au,2001109909210,AU
Pro Health Care Henley Beach - Dr Spiro Doukakis,https://prohealthcare.com.au,info@marketingsweet.com.au,+61870823727,AU
Royal Park Family Practice,https://www.royalparkfp.com.au,admin@royalparkfp.com.au,969170784100170,AU
Dr Hadges Medical Aesthetics,https://dhma.com.au,reception@dhma.com.au,+165521105965,AU
Therapy Near Me Adelaide,https://therapynearme.com.au,admin@therapynearme.com.au,+611800632763,AU
Burnside Hospital Toorak Gardens,https://www.burnsidehospital.asn.au,,+47644764,AU
One Health Buronga,https://familydoctor.com.au,,+78001720031,AU
Lauren Osborne Pelvic Health Physio (Women’s Health Plus),https://www.laurenpelvichealthphysio.com.au,laurenosborne.physio@gmail.com,+73159703262,AU
Feel Good Physio Co. | Mawson Lakes,https://www.feelgoodphysioco.com.au,jbrown@feelgoodphysioco.com.au,5842824808313,AU
Back In Motion Campbelltown,https://backinmotion.com.au,campbelltown@backinmotion.com.au,+611300859581,AU
Adelaide Mums and Babies Clinic,https://mumsandbabies.com.au,hello@mumsandbabies.com.au,+61881664381,AU
Walkden & Co,https://www.walkden.co,hello@walkden.co,138569538379489,AU
Plaza Real Estate,https://plazarealestate.com.au,admin@plazarealestate.com.au,+61883961100,AU
Harcourts Adelaide City,https://harcourts.net,info@harcourtsadelaide.com.au,+00101010,AU
Stadium Real Estate,https://stadiumrealestate.com,rachel.lawrie@stadiumre.com,20260326102534,AU
Belle Property Adelaide City,https://www.belleproperty.com,,+289083419992199,AU
Area Specialist Luke Walker - Real Estate Agent Mildura,https://lukewalker.areaspecialist.com.au,john@smith.com,535651307599477,AU
Glenn Dias Real Estate,https://glenndias.com,info@glenndias.com,+61882660888,AU
Creative Real Estate,https://www.creative-realestate.net.au,mailtojo@creativerealestate.com.au,0411340225,AU
Belle Property Unley,https://www.belleproperty.com,,+289083419992199,AU
CENTURY 21 City Inner North,https://prospect.century21.com.au,prospect21@century21.com.au,+61282950600,AU
Lavis Real Estate,https://www.lavisrealestate.com.au,admin@lavisrealestate.com.au,20190723100340,AU
SA Homes & Acreage Property Specialists,https://www.sahomesandacreage.com.au,admin@simmonsgroup.au,+9763114316580,AU
LJ Hooker Flinders Park,https://flinderspark.ljhooker.com.au,flinderspark@ljhfp.com.au,173734197361277,AU
Professionals Manning Real Estate Agents & Property Management,https://northgateprofessionals.com.au,,169894890350332,AU
Belle Property Norwood,https://www.belleproperty.com,,+289083419992199,AU
Taplin Real Estate - Adelaide,https://www.taplin.com.au,,0882954104,AU
Magain Real Estate Ascot Park,https://www.magain.com.au,magainstepney@email.propertyme.com,+2038178,AU
CENTURY 21 Property People/Special Projects (SA),https://propertypeople.century21.com.au,century21@propertypeople.com.au,+61282950600,AU
CGI Clinic Telehealth Psychiatrist Dr Huu Kim Le,https://www.cgiclinic.com,kim@cgiclinic.com,+1440400,
National Realty Port Adelaide,https://national-realty.com.au,enquiries@national-realty.com.au,+49803921568627,AU
Specsavers Optometrists & Audiology - Elizabeth S/C,https://www.specsavers.com.au,optics.elizabeth.au@specsavers.com,+61882520177,AU
Healthy Travel,https://www.healthytravel.com.au,,+1440320,
Specsavers Optometrists & Audiology - Ingle Farm Plaza,https://www.specsavers.com.au,optics.inglefarm.au@specsavers.com,+61882636933,AU
Specsavers Optometrists & Audiology - Adelaide - Rundle Mall,https://www.specsavers.com.au,optics.rundlemall.au@specsavers.com,+61884105444,AU
Specsavers Optometrists & Audiology - Tea Tree Plaza,https://www.specsavers.com.au,optics.teatreeplaza.au@specsavers.com,+61883966600,AU
Specsavers Optometrists & Audiology - Edwardstown Castle Plaza S/C,https://www.specsavers.com.au,optics.edwardstown.au@specsavers.com,+61882763649,AU
Specsavers Optometrists & Audiology - Port Lincoln,https://www.specsavers.com.au,optics.portlincoln.au@specsavers.com,+61876481888,AU
Specsavers Optometrists & Audiology - Norwood Place,https://www.specsavers.com.au,optics.norwood.au@specsavers.com,+61883321640,AU
Specsavers Optometrists & Audiology - Brickworks Marketplace,https://www.specsavers.com.au,optics.thebarton.au@specsavers.com,+61883523822,AU
Specsavers Optometrists & Audiology - Munno Para S/C,https://www.specsavers.com.au,optics.munnopara.au@specsavers.com,+61882841122,AU
Specsavers Optometrists & Audiology - Newton,https://www.specsavers.com.au,optics.newton.au@specsavers.com,+61881650341,AU
Specsavers Optometrists & Audiology - Mildura Central,https://www.specsavers.com.au,optics.mildura.au@specsavers.com,+61350214913,AU
Specsavers Optometrists & Audiology - Gawler,https://www.specsavers.com.au,optics.gawler.au@specsavers.com,+61882841122,AU
Diagnode,https://diagnode.com.au,info@diagnode.com.au,248248248248111,
Star Insurance Solutions,https://starins.com.au,admin@starins.com.au,+61889929908,AU
The Leea Darwin,https://theleea.com.au,hello@theleea.com.au,+61889460111,AU
WISE Employment,https://wiseemployment.com.au,,1800685105,AU
Able Insurance Services NT,https://ableinsurance.net.au,admin@ablefinance.net.au,411062938958460,AU
Altus Property Management,https://altusrealty.au,,175613270036360,AU
Young Real Estate Adelaide SA,https://youngrealestatesa.com.au,email@email.com,+512746512746,AU
"Mastracorp Real Estate (Commercial Real Estate Agents, Leasing, Property Management, Adelaide, SA)",https://www.mastracorp.com.au,rece&#x70;t&#x69;&#x6f;&#x6e;@&#x6d;&#x61;&#x73;tra&#x63;orp&#x2e;&#x63;om.au,20230623162623,AU
Costello & Co Real Estate,https://costelloco.com.au,homebase@costelloco.com.au,271049258689616,AU
Adelaide Property Brokers,https://adelaidepropertybrokers.com.au,raquel@adelaidepropertybrokers.com.au,+61882432555,AU
Home Real Estate,https://homeregroup.com.au,info@homeregroup.com.au,29538461538462,AU
Elders Real Estate,https://mildura.eldersrealestate.com.au,robinvale@eldersre.com.au,+4504756,AU
LJ Hooker West Lakes | Henley Beach,https://westlakes.ljhooker.com.au,hello@ljhookerwestlakes.com.au,08208347203666,AU
Lin Andrews Real Estate - Mile End,https://linandrews.com.au,linandrews@linandrews.com.au,+12201986219441,AU
Martin Real Estate,https://www.martinrealestate.com.au,sales@martinrealestate.com.au,+61412822166,AU
Jump Property Management,https://jumpproperty.com.au,info@jumpproperty.com.au,+61883521844,AU
Anderson Real Estate & Associates,https://www.andersonrealestate.com.au,max@andersonrealestate.com.au,218626958160521,AU
Ray White Yorke Peninsula,https://raywhiteyorkepeninsula.com.au,mailto:yorkepeninsula.sa@raywhite.com,+61888213211,AU
Sinova Property,https://www.sinova.com.au,info@sinova.com.au,167613163703155,AU
CENTURY 21 Pirie Properties,https://portpirie.century21.com.au,c21portpirie@bigpond.com,+61282950600,AU
SY Luxury Real Estate,https://www.syluxuryrealestate.com,admin@syluxuryrealestate.com,61550603514907,AU
Mero Real Estate,http://merorealestate.com.au,info@merorealestate.com.au,+61415765234,AU
Ray White Whyalla,https://raywhiteportaugusta.com.au,mailto:portaugusta.sa@raywhite.com,+61886425777,AU
Cooloola Coast Realty,https://www.cooloolacoastrealty.com.au,rai&#x6e;bo&#x77;b&#x65;ac&#x68;@&#x63;&#x63;realt&#x79;.&#x74;v,20190723100921,AU
Harcourts Packham Real Estate,https://www.packham.property,glenelg@harcourts.com.au,724125772818958,AU
Harcourts Lifestyle Sales & Rentals,https://harcourts.net,dylan.melville@harcourts.com.au,+00101010,AU
Elders Real Estate Whyalla,https://whyalla.eldersrealestate.com.au,teresa.holland@elders.com.au,+4504756,AU
Ray White Semaphore,https://raywhitesemaphore.com.au,mailto:semaphore.sa@raywhite.com,+61882424777,AU
coast2country Property Services,https://www.coast2countrysa.com.au,,218626958160521,AU
LJ Hooker Craigmore | Elizabeth | Salisbury,https://craigmoreelizabeth.ljhooker.com.au,office@ljhces.com.au,08208255209555,AU
Yorke Peninsula Real Estate,https://yprealestate.com.au,,+1251413,AU
Harcourts Sheppard,https://harcourts.net,admin@hsre.net.au,+00101010,AU
Nutrien Harcourts - Riverland,https://nutrien.harcourts.net,,+00101010,AU
LJ Hooker Kensington | Unley,https://kensingtonunley.ljhooker.com.au,reception@ljhkensingtonunley.com.au,08208431206088,AU
Mildura Property Advisers,https://www.milduraproperty.com,mildurapropertyadvisers@iinet.net.au,203964830092120,AU
Julie Gabe Elders Real Estate Clare Valley,https://midnorthsa.eldersrealestate.com.au,julie.gabe@elders.com.au,+4504756,AU
Inwood Real Estate,https://inwoodrealestate.com.au,richard@inwoodrealestate.com.au,+1376743207372,AU
REAL Estate Agents Group Pt.Adelaide/Salisbury,https://realagencies.com.au,admin@realagencies.com.au,+233494122980,AU
Darwin Radio Taxi,https://www.darwinradiotaxi.com.au,lostproperty@darwinradiotaxis.com.au,455162069087651,AU
Huhme,https://www.huhme.com.au,hello@huhme.com.au,44160939748,AU
NT Online Stores,https://ntos.com.au,,239414240957,
PACK & SEND Palmerston,https://www.packsend.com.au,admin@packsend.com.au,+6150215143,AU
Oz Web Dsigner,https://azhadniaz.com,info@azhadniaz.com,+923090335051,AU
PROPER GOOD Marketing,https://propergoodmarketing.com.au,dave@propergoodmarketing.com.au,179524849160136,
Skin Health Science,https://skinhealthscience.com.au,hello@skinhealthscience.com.au,+4006005005106,AU
Liquorland Coolalinga,https://validate.perfdrive.com,contactus@shieldsquare.com,201031728734,AU
Liquorland Palmerston,https://validate.perfdrive.com,contactus@shieldsquare.com,201031728734,AU
Liquorland Pinelands,https://validate.perfdrive.com,contactus@shieldsquare.com,201031728734,AU
Country Style Real Estate,https://countrystylerealestate.com.au,kel@countrystylerealestate.com.au,+0712054113150,AU
PACK & SEND Darwin,https://www.packsend.com.au,admin@packsend.com.au,+6150215143,AU
Taplin Real Estate - Glenelg,https://www.taplin.com.au,,0882954104,AU
Waikerie Real Estate @realty,https://www.waikerierealestate.com.au,cary@atrealty.com.au,+0405800425,AU
Ray White Barossa Valley,https://raywhitebarossavalley.com.au,mailto:barossavalley.sa@raywhite.com,+61875233355,AU
Marshall SA Real Estate,https://www.marshallsa.com.au,,+49301206440,AU
Real Estate Training Academy,https://realestatetrainingacademy.com.au,info@retac.com.au,+16106207811,AU
DiMauro Group of Companies,https://www.dimaurogroup.com.au,info@dimaurogroup.com.au,1385840241,AU
Bruse Real Estate,https://www.bruse.com.au,theon.bruse@bruse.com.au,0884318181,AU
Langley Real Estate Adelaide,https://langleyrealestate.com.au,admin@langleyrealestate.com.au,+09865200308,AU
Bailey Property - Tea Tree Gully (Sales and Property Management),https://www.baileypropertysa.com.au,a&#x64;&#x6d;&#x69;&#x6e;&#x40;baile&#x79;pr&#x6f;per&#x74;&#x79;sa.co&#x6d;.au,20190723100334,AU
Elders Real Estate Clare Valley,https://midnorthsa.eldersrealestate.com.au,clarevalley@elders.com.au,+4504756,AU
Anreps Real Estate - Property Management & Residential Sales in Adelaide,https://www.anrepssa.com.au,rentals@anrepssa.com.au,210856460368259,AU
Mohit Gupta - Ray White Modbury,https://raywhitemodbury.com.au,mailto:mohit.gupta@raywhite.com,+61421472034,AU
Select Business & Property Group Pty Ltd,https://web-select.multiarray.com,info@selectbpg.com.au,0882619433,AU
NRP Real Estate,https://nrprealestate.com.au,naushad@nrprealestate.com.au,+49803921568627,AU
Hrishi Digital Solutions Pty Ltd,https://www.hrishidigital.com.au,admin@hrishidigital.com.au,49935539101937,AU
Kies Real Estate,https://www.kies.com.au,,16768795981,AU
Carousel,https://didiglobal.com,,236176206921235,AU
Captovate,https://www.captovate.com.au,hello@captovate.com.au,+1687616876,AU
eNTITy1,https://www.entity1.com,,+61889411162,AU
Illume Marketing,https://illumemarketing.com.au,info@illumemarketing.com.au,+61457366774,AU
Business Enterprise Centre NT,https://becnt.com.au,admin@becnt.com.au,0889442950,AU
Web365 Darwin,https://www.web365.com.au,,0889110455,AU
21 Webs,https://21webs.com.au,info@21webs.com.au,+497904497904,AU
Genesis Web Technology,https://www.genesiswtech.com,info@genesiswtech.com,+9779851127307,AU
Hay! Sally Design,https://haysally.com,sally@haysally.com,1772165645,
Liquorland Oasis Palmerston (Cellars),https://validate.perfdrive.com,contactus@shieldsquare.com,201031728734,AU
Liquorland Mitchell Centre,https://validate.perfdrive.com,contactus@shieldsquare.com,201031728734,AU
Liquorland Casuarina (Bilo),https://validate.perfdrive.com,contactus@shieldsquare.com,201031728734,AU
Liquorland Darwin (Cellars),https://validate.perfdrive.com,contactus@shieldsquare.com,201031728734,AU
Liquorland North Lakes - NT,https://validate.perfdrive.com,contactus@shieldsquare.com,201031728734,AU
Liquorland Casuarina (Coles),https://validate.perfdrive.com,contactus@shieldsquare.com,201031728734,AU
Bite Me Lures TM,https://www.bitemelures.com.au,support@bitemelures.com.au,+32971345,
My-Raah,https://www.my-raah.au,hello@my-raah.au,+4510971016274,
Area Specialist Lukas Pedder - Real Estate Agent Mildura,https://lukaspedder.areaspecialist.com.au,lukasp@areaspecialist.com.au,142159245510757,AU
WHITEFOX Real Estate – Adelaide,https://adelaide.whitefoxrealestate.com.au,info@whitefoxrealestate.com.au,+1121900,AU
Mazzeo Real Estate,https://mazzeorealestate.com.au,emailsell@monimazzeo.com.au,+1275100543,AU
Elders Real Estate,https://yorkepeninsula.eldersrealestate.com.au,len.easther@eldersrealestate.com.au,+4504756,AU
Harcourts Gawler Sales,https://harcourts.net,gawler@harcourts.com.au,+00101010,AU
LJ Hooker Property Specialists - Gawler | Barossa,https://gawlerbarossa.ljhooker.com.au,gawler@ljhsupport.com.au,08208522203311,AU
Adelaide Residential Rentals,https://www.adelaideresidentialrentals.com.au,admin@adelaideresidentialrentals.com.au,263015984355723,AU
S'avance Real Estate,https://www.savance.com.au,dawn@savance.com.au,0447330823,AU
Elders Real Estate Barossa,https://barossa.eldersrealestate.com.au,david.kanizay@elders.com.au,+4504756,AU
Adcorp Property Group,https://www.adcorpgroup.com.au,j.oppedisano@adcorpgroup.com.au,+1275100543,AU
Real Estate On Yorke Pty Ltd,https://www.realestateonyorke.com.au,,104060751920378,AU
Renting Adelaide Property Management,https://www.rentingadelaide.com.au,admin@rentingadelaide.com.au,20191203115933,AU
Professionals Kapunda - Real Estate Agents and Property Management,https://www.professionalskapunda.com.au,,+1741754,AU
TOOP+TOOP | Luxury Real Estate Adelaide,https://www.toop.com.au,enquiries@toop.com.au,198694590189089,AU
Waterman Property Management,https://www.watermanpm.com.au,rentals@watermanpm.com.au,439858949526920,AU
ChristieRoberts Real Estate,https://www.christieroberts.com.au,tanya@christieroberts.com.au,0885047728,AU
Carter Property,https://carterproperty.com.au,mail@landagent.com.auwe,+61883712800,AU
Smith Partners Real Estate Prospect,https://smithpartnersrealestate.com.au,info@spartners.com.au,+12201986219441,AU
Adelaide Property Management Arch,https://www.arch-re.com.au,admin@arch-re.com.au,1758869251,AU
